1,1,1,2500,1,0,46.012 Mts. con Mz. 26 Huerto. 15 más 35.00 Mts. con Mz. 26 Huerto. 10,45.468 Mts. con Mz. 26 Huerto. 13 más 35.00 Mts. con Mz. 26 Huerto. 12,12.50 Mts. conMz. 27 Huerto. 12 ,12.50 Mts. con sendero la ceiba,0,0
2,1,2,2500,1,0,46.012 Mts. con Mz. 26 Huerto. 15 más 35.00 Mts. con Mz. 26 Huerto. 11,45.468 Mts. con Mz. 26 Huerto. 13 más 35.00 Mts. con Mz. 26 Huerto. 13,12.50 Mts. conMz. 27 Huerto. 13,12.50 Mts. con sendero la ceiba,0,0
3,1,3,2500,1,0,46.012 Mts. con Mz. 26 Huerto. 15 más 35.00 Mts. con Mz. 26 Huerto. 12,45.468 Mts. con Mz. 26 Huerto. 13 más 35.00 Mts. con Mz. 26 Huerto. 14,12.50 Mts. conMz. 27 Huerto. 14,12.50 Mts. con sendero la ceiba,0,0
4,1,4,2500,1,0,46.012 Mts. con Mz. 26 Huerto. 15 más 35.00 Mts. con Mz. 26 Huerto. 13,45.468 Mts. con Mz. 26 Huerto. 13 más 35.00 Mts. con Mz. 26 Huerto. 15,12.50 Mts. conMz. 27 Huerto. 15,12.50 Mts. con sendero la ceiba,0,0
5,2,1,15000,1,0,46.012 Mts. con Mz. 26 Huerto. 15 más 35.00 Mts. con Mz. 26 Huerto. 14,45.468 Mts. con Mz. 26 Huerto. 13 más 35.00 Mts. con Mz. 26 Huerto. 16,12.50 Mts. conMz. 27 Huerto. 16,12.50 Mts. con sendero la ceiba,0,0
6,2,2,312.5,1,0,46.012 Mts. con Mz. 26 Huerto. 15 más 35.00 Mts. con Mz. 26 Huerto. 15,45.468 Mts. con Mz. 26 Huerto. 13 más 35.00 Mts. con Mz. 26 Huerto. 17,12.50 Mts. conMz. 27 Huerto. 17,12.50 Mts. con sendero la ceiba,0,0
7,2,3,312.5,1,0,46.012 Mts. con Mz. 26 Huerto. 15 más 35.00 Mts. con Mz. 26 Huerto. 16,45.468 Mts. con Mz. 26 Huerto. 13 más 35.00 Mts. con Mz. 26 Huerto. 18,12.50 Mts. conMz. 27 Huerto. 18,12.50 Mts. con sendero la ceiba,0,0
8,2,4,312.5,1,0,46.012 Mts. con Mz. 26 Huerto. 15 más 35.00 Mts. con Mz. 26 Huerto. 17,45.468 Mts. con Mz. 26 Huerto. 13 más 35.00 Mts. con Mz. 26 Huerto. 19,12.50 Mts. conMz. 27 Huerto. 19,12.50 Mts. con sendero la ceiba,0,0
9,2,5,312.5,1,0,46.012 Mts. con Mz. 26 Huerto. 15 más 35.00 Mts. con Mz. 26 Huerto. 18,45.468 Mts. con Mz. 26 Huerto. 13 más 35.00 Mts. con Mz. 26 Huerto. 20,12.50 Mts. conMz. 27 Huerto. 20,12.50 Mts. con sendero la ceiba,0,0
10,2,6,312.5,1,0,46.012 Mts. con Mz. 26 Huerto. 15 más 35.00 Mts. con Mz. 26 Huerto. 19,45.468 Mts. con Mz. 26 Huerto. 13 más 35.00 Mts. con Mz. 26 Huerto. 21,12.50 Mts. conMz. 27 Huerto. 21,12.50 Mts. con sendero la ceiba,0,0
11,2,7,312.5,1,0,46.012 Mts. con Mz. 26 Huerto. 15 más 35.00 Mts. con Mz. 26 Huerto. 20,45.468 Mts. con Mz. 26 Huerto. 13 más 35.00 Mts. con Mz. 26 Huerto. 22,12.50 Mts. conMz. 27 Huerto. 22,12.50 Mts. con sendero la ceiba,0,0
12,2,8,312.5,1,0,46.012 Mts. con Mz. 26 Huerto. 15 más 35.00 Mts. con Mz. 26 Huerto. 21,45.468 Mts. con Mz. 26 Huerto. 13 más 35.00 Mts. con Mz. 26 Huerto. 23,12.50 Mts. conMz. 27 Huerto. 23,12.50 Mts. con sendero la ceiba,0,0
13,2,9,312.5,1,0,46.012 Mts. con Mz. 26 Huerto. 15 más 35.00 Mts. con Mz. 26 Huerto. 22,45.468 Mts. con Mz. 26 Huerto. 13 más 35.00 Mts. con Mz. 26 Huerto. 24,12.50 Mts. conMz. 27 Huerto. 24,12.50 Mts. con sendero la ceiba,0,0
14,2,10,312.5,1,0,46.012 Mts. con Mz. 26 Huerto. 15 más 35.00 Mts. con Mz. 26 Huerto. 23,45.468 Mts. con Mz. 26 Huerto. 13 más 35.00 Mts. con Mz. 26 Huerto. 25,12.50 Mts. conMz. 27 Huerto. 25,12.50 Mts. con sendero la ceiba,0,0
15,2,11,312.5,1,0,46.012 Mts. con Mz. 26 Huerto. 15 más 35.00 Mts. con Mz. 26 Huerto. 24,45.468 Mts. con Mz. 26 Huerto. 13 más 35.00 Mts. con Mz. 26 Huerto. 26,12.50 Mts. conMz. 27 Huerto. 26,12.50 Mts. con sendero la ceiba,0,0
16,2,12,312.5,1,0,46.012 Mts. con Mz. 26 Huerto. 15 más 35.00 Mts. con Mz. 26 Huerto. 25,45.468 Mts. con Mz. 26 Huerto. 13 más 35.00 Mts. con Mz. 26 Huerto. 27,12.50 Mts. conMz. 27 Huerto. 27,12.50 Mts. con sendero la ceiba,0,0
17,2,13,312.5,1,0,46.012 Mts. con Mz. 26 Huerto. 15 más 35.00 Mts. con Mz. 26 Huerto. 26,45.468 Mts. con Mz. 26 Huerto. 13 más 35.00 Mts. con Mz. 26 Huerto. 28,12.50 Mts. conMz. 27 Huerto. 28,12.50 Mts. con sendero la ceiba,0,0
18,2,14,312.5,1,0,46.012 Mts. con Mz. 26 Huerto. 15 más 35.00 Mts. con Mz. 26 Huerto. 27,45.468 Mts. con Mz. 26 Huerto. 13 más 35.00 Mts. con Mz. 26 Huerto. 29,12.50 Mts. conMz. 27 Huerto. 29,12.50 Mts. con sendero la ceiba,0,0
19,2,15,312.5,1,0,46.012 Mts. con Mz. 26 Huerto. 15 más 35.00 Mts. con Mz. 26 Huerto. 28,45.468 Mts. con Mz. 26 Huerto. 13 más 35.00 Mts. con Mz. 26 Huerto. 30,12.50 Mts. conMz. 27 Huerto. 30,12.50 Mts. con sendero la ceiba,0,0
20,2,16,312.5,1,0,46.012 Mts. con Mz. 26 Huerto. 15 más 35.00 Mts. con Mz. 26 Huerto. 29,45.468 Mts. con Mz. 26 Huerto. 13 más 35.00 Mts. con Mz. 26 Huerto. 31,12.50 Mts. conMz. 27 Huerto. 31,12.50 Mts. con sendero la ceiba,0,0
21,2,17,312.5,1,0,46.012 Mts. con Mz. 26 Huerto. 15 más 35.00 Mts. con Mz. 26 Huerto. 30,45.468 Mts. con Mz. 26 Huerto. 13 más 35.00 Mts. con Mz. 26 Huerto. 32,12.50 Mts. conMz. 27 Huerto. 32,12.50 Mts. con sendero la ceiba,0,0
22,3,1,15000,1,0,46.012 Mts. con Mz. 26 Huerto. 15 más 35.00 Mts. con Mz. 26 Huerto. 31,45.468 Mts. con Mz. 26 Huerto. 13 más 35.00 Mts. con Mz. 26 Huerto. 33,12.50 Mts. conMz. 27 Huerto. 33,12.50 Mts. con sendero la ceiba,0,0
23,4,1,10000,1,0,46.012 Mts. con Mz. 26 Huerto. 15 más 35.00 Mts. con Mz. 26 Huerto. 32,45.468 Mts. con Mz. 26 Huerto. 13 más 35.00 Mts. con Mz. 26 Huerto. 34,12.50 Mts. conMz. 27 Huerto. 34,12.50 Mts. con sendero la ceiba,0,0
24,5,1,312.5,1,0,46.012 Mts. con Mz. 26 Huerto. 15 más 35.00 Mts. con Mz. 26 Huerto. 33,45.468 Mts. con Mz. 26 Huerto. 13 más 35.00 Mts. con Mz. 26 Huerto. 35,12.50 Mts. conMz. 27 Huerto. 35,12.50 Mts. con sendero la ceiba,0,0
25,5,1A,312.5,1,0,46.012 Mts. con Mz. 26 Huerto. 15 más 35.00 Mts. con Mz. 26 Huerto. 34,45.468 Mts. con Mz. 26 Huerto. 13 más 35.00 Mts. con Mz. 26 Huerto. 36,12.50 Mts. conMz. 27 Huerto. 36,12.50 Mts. con sendero la ceiba,0,0
26,5,2,312.5,1,0,46.012 Mts. con Mz. 26 Huerto. 15 más 35.00 Mts. con Mz. 26 Huerto. 35,45.468 Mts. con Mz. 26 Huerto. 13 más 35.00 Mts. con Mz. 26 Huerto. 37,12.50 Mts. conMz. 27 Huerto. 37,12.50 Mts. con sendero la ceiba,0,0
27,5,2A,312.5,1,0,46.012 Mts. con Mz. 26 Huerto. 15 más 35.00 Mts. con Mz. 26 Huerto. 36,45.468 Mts. con Mz. 26 Huerto. 13 más 35.00 Mts. con Mz. 26 Huerto. 38,12.50 Mts. conMz. 27 Huerto. 38,12.50 Mts. con sendero la ceiba,0,0
28,5,3,312.5,1,0,46.012 Mts. con Mz. 26 Huerto. 15 más 35.00 Mts. con Mz. 26 Huerto. 37,45.468 Mts. con Mz. 26 Huerto. 13 más 35.00 Mts. con Mz. 26 Huerto. 39,12.50 Mts. conMz. 27 Huerto. 39,12.50 Mts. con sendero la ceiba,0,0
29,5,3A,312.5,1,0,46.012 Mts. con Mz. 26 Huerto. 15 más 35.00 Mts. con Mz. 26 Huerto. 38,45.468 Mts. con Mz. 26 Huerto. 13 más 35.00 Mts. con Mz. 26 Huerto. 40,12.50 Mts. conMz. 27 Huerto. 40,12.50 Mts. con sendero la ceiba,0,0
30,5,4,312.5,1,0,46.012 Mts. con Mz. 26 Huerto. 15 más 35.00 Mts. con Mz. 26 Huerto. 39,45.468 Mts. con Mz. 26 Huerto. 13 más 35.00 Mts. con Mz. 26 Huerto. 41,12.50 Mts. conMz. 27 Huerto. 41,12.50 Mts. con sendero la ceiba,0,0
31,5,4A,312.5,1,0,46.012 Mts. con Mz. 26 Huerto. 15 más 35.00 Mts. con Mz. 26 Huerto. 40,45.468 Mts. con Mz. 26 Huerto. 13 más 35.00 Mts. con Mz. 26 Huerto. 42,12.50 Mts. conMz. 27 Huerto. 42,12.50 Mts. con sendero la ceiba,0,0
32,5,5,312.5,1,0,46.012 Mts. con Mz. 26 Huerto. 15 más 35.00 Mts. con Mz. 26 Huerto. 41,45.468 Mts. con Mz. 26 Huerto. 13 más 35.00 Mts. con Mz. 26 Huerto. 43,12.50 Mts. conMz. 27 Huerto. 43,12.50 Mts. con sendero la ceiba,0,0
33,5,5A,312.5,1,0,46.012 Mts. con Mz. 26 Huerto. 15 más 35.00 Mts. con Mz. 26 Huerto. 42,45.468 Mts. con Mz. 26 Huerto. 13 más 35.00 Mts. con Mz. 26 Huerto. 44,12.50 Mts. conMz. 27 Huerto. 44,12.50 Mts. con sendero la ceiba,0,0
34,5,6,312.5,1,0,46.012 Mts. con Mz. 26 Huerto. 15 más 35.00 Mts. con Mz. 26 Huerto. 43,45.468 Mts. con Mz. 26 Huerto. 13 más 35.00 Mts. con Mz. 26 Huerto. 45,12.50 Mts. conMz. 27 Huerto. 45,12.50 Mts. con sendero la ceiba,0,0
35,5,6A,312.5,1,0,46.012 Mts. con Mz. 26 Huerto. 15 más 35.00 Mts. con Mz. 26 Huerto. 44,45.468 Mts. con Mz. 26 Huerto. 13 más 35.00 Mts. con Mz. 26 Huerto. 46,12.50 Mts. conMz. 27 Huerto. 46,12.50 Mts. con sendero la ceiba,0,0
36,5,7,312.5,1,0,46.012 Mts. con Mz. 26 Huerto. 15 más 35.00 Mts. con Mz. 26 Huerto. 45,45.468 Mts. con Mz. 26 Huerto. 13 más 35.00 Mts. con Mz. 26 Huerto. 47,12.50 Mts. conMz. 27 Huerto. 47,12.50 Mts. con sendero la ceiba,0,0
37,5,7A,312.5,1,0,46.012 Mts. con Mz. 26 Huerto. 15 más 35.00 Mts. con Mz. 26 Huerto. 46,45.468 Mts. con Mz. 26 Huerto. 13 más 35.00 Mts. con Mz. 26 Huerto. 48,12.50 Mts. conMz. 27 Huerto. 48,12.50 Mts. con sendero la ceiba,0,0
38,5,8,312.5,1,0,46.012 Mts. con Mz. 26 Huerto. 15 más 35.00 Mts. con Mz. 26 Huerto. 47,45.468 Mts. con Mz. 26 Huerto. 13 más 35.00 Mts. con Mz. 26 Huerto. 49,12.50 Mts. conMz. 27 Huerto. 49,12.50 Mts. con sendero la ceiba,0,0
39,5,8A,312.5,1,0,46.012 Mts. con Mz. 26 Huerto. 15 más 35.00 Mts. con Mz. 26 Huerto. 48,45.468 Mts. con Mz. 26 Huerto. 13 más 35.00 Mts. con Mz. 26 Huerto. 50,12.50 Mts. conMz. 27 Huerto. 50,12.50 Mts. con sendero la ceiba,0,0
40,5,9,312.5,1,0,46.012 Mts. con Mz. 26 Huerto. 15 más 35.00 Mts. con Mz. 26 Huerto. 49,45.468 Mts. con Mz. 26 Huerto. 13 más 35.00 Mts. con Mz. 26 Huerto. 51,12.50 Mts. conMz. 27 Huerto. 51,12.50 Mts. con sendero la ceiba,0,0
41,5,9A,312.5,1,0,46.012 Mts. con Mz. 26 Huerto. 15 más 35.00 Mts. con Mz. 26 Huerto. 50,45.468 Mts. con Mz. 26 Huerto. 13 más 35.00 Mts. con Mz. 26 Huerto. 52,12.50 Mts. conMz. 27 Huerto. 52,12.50 Mts. con sendero la ceiba,0,0
42,5,10,312.5,1,0,46.012 Mts. con Mz. 26 Huerto. 15 más 35.00 Mts. con Mz. 26 Huerto. 51,45.468 Mts. con Mz. 26 Huerto. 13 más 35.00 Mts. con Mz. 26 Huerto. 53,12.50 Mts. conMz. 27 Huerto. 53,12.50 Mts. con sendero la ceiba,0,0
43,5,10A,312.5,1,0,46.012 Mts. con Mz. 26 Huerto. 15 más 35.00 Mts. con Mz. 26 Huerto. 52,45.468 Mts. con Mz. 26 Huerto. 13 más 35.00 Mts. con Mz. 26 Huerto. 54,12.50 Mts. conMz. 27 Huerto. 54,12.50 Mts. con sendero la ceiba,0,0
44,6,1,312.5,1,0,46.012 Mts. con Mz. 26 Huerto. 15 más 35.00 Mts. con Mz. 26 Huerto. 53,45.468 Mts. con Mz. 26 Huerto. 13 más 35.00 Mts. con Mz. 26 Huerto. 55,12.50 Mts. conMz. 27 Huerto. 55,12.50 Mts. con sendero la ceiba,0,0
45,6,1A,312.5,1,0,46.012 Mts. con Mz. 26 Huerto. 15 más 35.00 Mts. con Mz. 26 Huerto. 54,45.468 Mts. con Mz. 26 Huerto. 13 más 35.00 Mts. con Mz. 26 Huerto. 56,12.50 Mts. conMz. 27 Huerto. 56,12.50 Mts. con sendero la ceiba,0,0
46,6,2,312.5,1,1,46.012 Mts. con Mz. 26 Huerto. 15 más 35.00 Mts. con Mz. 26 Huerto. 55,45.468 Mts. con Mz. 26 Huerto. 13 más 35.00 Mts. con Mz. 26 Huerto. 57,12.50 Mts. conMz. 27 Huerto. 57,12.50 Mts. con sendero la ceiba,0,0
47,6,2A,312.5,1,1,46.012 Mts. con Mz. 26 Huerto. 15 más 35.00 Mts. con Mz. 26 Huerto. 56,45.468 Mts. con Mz. 26 Huerto. 13 más 35.00 Mts. con Mz. 26 Huerto. 58,12.50 Mts. conMz. 27 Huerto. 58,12.50 Mts. con sendero la ceiba,0,0
48,6,3,312.5,1,0,46.012 Mts. con Mz. 26 Huerto. 15 más 35.00 Mts. con Mz. 26 Huerto. 57,45.468 Mts. con Mz. 26 Huerto. 13 más 35.00 Mts. con Mz. 26 Huerto. 59,12.50 Mts. conMz. 27 Huerto. 59,12.50 Mts. con sendero la ceiba,0,0
49,6,3A,312.5,1,0,46.012 Mts. con Mz. 26 Huerto. 15 más 35.00 Mts. con Mz. 26 Huerto. 58,45.468 Mts. con Mz. 26 Huerto. 13 más 35.00 Mts. con Mz. 26 Huerto. 60,12.50 Mts. conMz. 27 Huerto. 60,12.50 Mts. con sendero la ceiba,0,0
50,6,4,312.5,1,0,46.012 Mts. con Mz. 26 Huerto. 15 más 35.00 Mts. con Mz. 26 Huerto. 59,45.468 Mts. con Mz. 26 Huerto. 13 más 35.00 Mts. con Mz. 26 Huerto. 61,12.50 Mts. conMz. 27 Huerto. 61,12.50 Mts. con sendero la ceiba,0,0
51,6,4A,312.5,1,0,46.012 Mts. con Mz. 26 Huerto. 15 más 35.00 Mts. con Mz. 26 Huerto. 60,45.468 Mts. con Mz. 26 Huerto. 13 más 35.00 Mts. con Mz. 26 Huerto. 62,12.50 Mts. conMz. 27 Huerto. 62,12.50 Mts. con sendero la ceiba,0,0
52,6,5,312.5,1,0,46.012 Mts. con Mz. 26 Huerto. 15 más 35.00 Mts. con Mz. 26 Huerto. 61,45.468 Mts. con Mz. 26 Huerto. 13 más 35.00 Mts. con Mz. 26 Huerto. 63,12.50 Mts. conMz. 27 Huerto. 63,12.50 Mts. con sendero la ceiba,0,0
53,6,5A,312.5,1,0,46.012 Mts. con Mz. 26 Huerto. 15 más 35.00 Mts. con Mz. 26 Huerto. 62,45.468 Mts. con Mz. 26 Huerto. 13 más 35.00 Mts. con Mz. 26 Huerto. 64,12.50 Mts. conMz. 27 Huerto. 64,12.50 Mts. con sendero la ceiba,0,0
54,6,6,312.5,1,0,46.012 Mts. con Mz. 26 Huerto. 15 más 35.00 Mts. con Mz. 26 Huerto. 63,45.468 Mts. con Mz. 26 Huerto. 13 más 35.00 Mts. con Mz. 26 Huerto. 65,12.50 Mts. conMz. 27 Huerto. 65,12.50 Mts. con sendero la ceiba,0,0
55,6,6A,312.5,1,0,46.012 Mts. con Mz. 26 Huerto. 15 más 35.00 Mts. con Mz. 26 Huerto. 64,45.468 Mts. con Mz. 26 Huerto. 13 más 35.00 Mts. con Mz. 26 Huerto. 66,12.50 Mts. conMz. 27 Huerto. 66,12.50 Mts. con sendero la ceiba,0,0
56,6,7,312.5,1,0,46.012 Mts. con Mz. 26 Huerto. 15 más 35.00 Mts. con Mz. 26 Huerto. 65,45.468 Mts. con Mz. 26 Huerto. 13 más 35.00 Mts. con Mz. 26 Huerto. 67,12.50 Mts. conMz. 27 Huerto. 67,12.50 Mts. con sendero la ceiba,0,0
57,6,7A,312.5,1,0,46.012 Mts. con Mz. 26 Huerto. 15 más 35.00 Mts. con Mz. 26 Huerto. 66,45.468 Mts. con Mz. 26 Huerto. 13 más 35.00 Mts. con Mz. 26 Huerto. 68,12.50 Mts. conMz. 27 Huerto. 68,12.50 Mts. con sendero la ceiba,0,0
58,6,8,312.5,1,0,46.012 Mts. con Mz. 26 Huerto. 15 más 35.00 Mts. con Mz. 26 Huerto. 67,45.468 Mts. con Mz. 26 Huerto. 13 más 35.00 Mts. con Mz. 26 Huerto. 69,12.50 Mts. conMz. 27 Huerto. 69,12.50 Mts. con sendero la ceiba,0,0
59,6,8A,312.5,1,0,46.012 Mts. con Mz. 26 Huerto. 15 más 35.00 Mts. con Mz. 26 Huerto. 68,45.468 Mts. con Mz. 26 Huerto. 13 más 35.00 Mts. con Mz. 26 Huerto. 70,12.50 Mts. conMz. 27 Huerto. 70,12.50 Mts. con sendero la ceiba,0,0
60,6,9,312.5,1,0,46.012 Mts. con Mz. 26 Huerto. 15 más 35.00 Mts. con Mz. 26 Huerto. 69,45.468 Mts. con Mz. 26 Huerto. 13 más 35.00 Mts. con Mz. 26 Huerto. 71,12.50 Mts. conMz. 27 Huerto. 71,12.50 Mts. con sendero la ceiba,0,0
61,6,9A,312.5,1,0,46.012 Mts. con Mz. 26 Huerto. 15 más 35.00 Mts. con Mz. 26 Huerto. 70,45.468 Mts. con Mz. 26 Huerto. 13 más 35.00 Mts. con Mz. 26 Huerto. 72,12.50 Mts. conMz. 27 Huerto. 72,12.50 Mts. con sendero la ceiba,0,0
62,6,10,312.5,1,0,46.012 Mts. con Mz. 26 Huerto. 15 más 35.00 Mts. con Mz. 26 Huerto. 71,45.468 Mts. con Mz. 26 Huerto. 13 más 35.00 Mts. con Mz. 26 Huerto. 73,12.50 Mts. conMz. 27 Huerto. 73,12.50 Mts. con sendero la ceiba,0,0
63,6,10A,312.5,1,0,46.012 Mts. con Mz. 26 Huerto. 15 más 35.00 Mts. con Mz. 26 Huerto. 72,45.468 Mts. con Mz. 26 Huerto. 13 más 35.00 Mts. con Mz. 26 Huerto. 74,12.50 Mts. conMz. 27 Huerto. 74,12.50 Mts. con sendero la ceiba,0,0
64,7,1,312.5,1,0,46.012 Mts. con Mz. 26 Huerto. 15 más 35.00 Mts. con Mz. 26 Huerto. 73,45.468 Mts. con Mz. 26 Huerto. 13 más 35.00 Mts. con Mz. 26 Huerto. 75,12.50 Mts. conMz. 27 Huerto. 75,12.50 Mts. con sendero la ceiba,0,0
65,7,1A,312.5,1,0,46.012 Mts. con Mz. 26 Huerto. 15 más 35.00 Mts. con Mz. 26 Huerto. 74,45.468 Mts. con Mz. 26 Huerto. 13 más 35.00 Mts. con Mz. 26 Huerto. 76,12.50 Mts. conMz. 27 Huerto. 76,12.50 Mts. con sendero la ceiba,0,0
66,7,2,312.5,1,0,46.012 Mts. con Mz. 26 Huerto. 15 más 35.00 Mts. con Mz. 26 Huerto. 75,45.468 Mts. con Mz. 26 Huerto. 13 más 35.00 Mts. con Mz. 26 Huerto. 77,12.50 Mts. conMz. 27 Huerto. 77,12.50 Mts. con sendero la ceiba,0,0
67,7,2A,312.5,1,0,46.012 Mts. con Mz. 26 Huerto. 15 más 35.00 Mts. con Mz. 26 Huerto. 76,45.468 Mts. con Mz. 26 Huerto. 13 más 35.00 Mts. con Mz. 26 Huerto. 78,12.50 Mts. conMz. 27 Huerto. 78,12.50 Mts. con sendero la ceiba,0,0
68,7,3,312.5,1,0,46.012 Mts. con Mz. 26 Huerto. 15 más 35.00 Mts. con Mz. 26 Huerto. 77,45.468 Mts. con Mz. 26 Huerto. 13 más 35.00 Mts. con Mz. 26 Huerto. 79,12.50 Mts. conMz. 27 Huerto. 79,12.50 Mts. con sendero la ceiba,0,0
69,7,3A,312.5,1,0,46.012 Mts. con Mz. 26 Huerto. 15 más 35.00 Mts. con Mz. 26 Huerto. 78,45.468 Mts. con Mz. 26 Huerto. 13 más 35.00 Mts. con Mz. 26 Huerto. 80,12.50 Mts. conMz. 27 Huerto. 80,12.50 Mts. con sendero la ceiba,0,0
70,7,4,312.5,1,0,46.012 Mts. con Mz. 26 Huerto. 15 más 35.00 Mts. con Mz. 26 Huerto. 79,45.468 Mts. con Mz. 26 Huerto. 13 más 35.00 Mts. con Mz. 26 Huerto. 81,12.50 Mts. conMz. 27 Huerto. 81,12.50 Mts. con sendero la ceiba,0,0
71,7,4A,312.5,1,0,46.012 Mts. con Mz. 26 Huerto. 15 más 35.00 Mts. con Mz. 26 Huerto. 80,45.468 Mts. con Mz. 26 Huerto. 13 más 35.00 Mts. con Mz. 26 Huerto. 82,12.50 Mts. conMz. 27 Huerto. 82,12.50 Mts. con sendero la ceiba,0,0
72,7,5,312.5,1,0,46.012 Mts. con Mz. 26 Huerto. 15 más 35.00 Mts. con Mz. 26 Huerto. 81,45.468 Mts. con Mz. 26 Huerto. 13 más 35.00 Mts. con Mz. 26 Huerto. 83,12.50 Mts. conMz. 27 Huerto. 83,12.50 Mts. con sendero la ceiba,0,0
73,7,5A,312.5,1,0,46.012 Mts. con Mz. 26 Huerto. 15 más 35.00 Mts. con Mz. 26 Huerto. 82,45.468 Mts. con Mz. 26 Huerto. 13 más 35.00 Mts. con Mz. 26 Huerto. 84,12.50 Mts. conMz. 27 Huerto. 84,12.50 Mts. con sendero la ceiba,0,0
74,7,6,312.5,1,0,46.012 Mts. con Mz. 26 Huerto. 15 más 35.00 Mts. con Mz. 26 Huerto. 83,45.468 Mts. con Mz. 26 Huerto. 13 más 35.00 Mts. con Mz. 26 Huerto. 85,12.50 Mts. conMz. 27 Huerto. 85,12.50 Mts. con sendero la ceiba,0,0
75,7,6A,312.5,1,0,46.012 Mts. con Mz. 26 Huerto. 15 más 35.00 Mts. con Mz. 26 Huerto. 84,45.468 Mts. con Mz. 26 Huerto. 13 más 35.00 Mts. con Mz. 26 Huerto. 86,12.50 Mts. conMz. 27 Huerto. 86,12.50 Mts. con sendero la ceiba,0,0
76,7,7,312.5,1,0,46.012 Mts. con Mz. 26 Huerto. 15 más 35.00 Mts. con Mz. 26 Huerto. 85,45.468 Mts. con Mz. 26 Huerto. 13 más 35.00 Mts. con Mz. 26 Huerto. 87,12.50 Mts. conMz. 27 Huerto. 87,12.50 Mts. con sendero la ceiba,0,0
77,7,7A,312.5,1,0,46.012 Mts. con Mz. 26 Huerto. 15 más 35.00 Mts. con Mz. 26 Huerto. 86,45.468 Mts. con Mz. 26 Huerto. 13 más 35.00 Mts. con Mz. 26 Huerto. 88,12.50 Mts. conMz. 27 Huerto. 88,12.50 Mts. con sendero la ceiba,0,0
78,7,8,312.5,1,0,46.012 Mts. con Mz. 26 Huerto. 15 más 35.00 Mts. con Mz. 26 Huerto. 87,45.468 Mts. con Mz. 26 Huerto. 13 más 35.00 Mts. con Mz. 26 Huerto. 89,12.50 Mts. conMz. 27 Huerto. 89,12.50 Mts. con sendero la ceiba,0,0
79,7,8A,312.5,1,0,46.012 Mts. con Mz. 26 Huerto. 15 más 35.00 Mts. con Mz. 26 Huerto. 88,45.468 Mts. con Mz. 26 Huerto. 13 más 35.00 Mts. con Mz. 26 Huerto. 90,12.50 Mts. conMz. 27 Huerto. 90,12.50 Mts. con sendero la ceiba,0,0
80,7,9,312.5,1,0,46.012 Mts. con Mz. 26 Huerto. 15 más 35.00 Mts. con Mz. 26 Huerto. 89,45.468 Mts. con Mz. 26 Huerto. 13 más 35.00 Mts. con Mz. 26 Huerto. 91,12.50 Mts. conMz. 27 Huerto. 91,12.50 Mts. con sendero la ceiba,0,0
81,7,9A,312.5,1,0,46.012 Mts. con Mz. 26 Huerto. 15 más 35.00 Mts. con Mz. 26 Huerto. 90,45.468 Mts. con Mz. 26 Huerto. 13 más 35.00 Mts. con Mz. 26 Huerto. 92,12.50 Mts. conMz. 27 Huerto. 92,12.50 Mts. con sendero la ceiba,0,0
82,7,10,312.5,1,0,46.012 Mts. con Mz. 26 Huerto. 15 más 35.00 Mts. con Mz. 26 Huerto. 91,45.468 Mts. con Mz. 26 Huerto. 13 más 35.00 Mts. con Mz. 26 Huerto. 93,12.50 Mts. conMz. 27 Huerto. 93,12.50 Mts. con sendero la ceiba,0,0
83,7,10A,312.5,1,0,46.012 Mts. con Mz. 26 Huerto. 15 más 35.00 Mts. con Mz. 26 Huerto. 92,45.468 Mts. con Mz. 26 Huerto. 13 más 35.00 Mts. con Mz. 26 Huerto. 94,12.50 Mts. conMz. 27 Huerto. 94,12.50 Mts. con sendero la ceiba,0,0
84,8,1,312.5,1,0,46.012 Mts. con Mz. 26 Huerto. 15 más 35.00 Mts. con Mz. 26 Huerto. 93,45.468 Mts. con Mz. 26 Huerto. 13 más 35.00 Mts. con Mz. 26 Huerto. 95,12.50 Mts. conMz. 27 Huerto. 95,12.50 Mts. con sendero la ceiba,0,0
85,8,1A,312.5,1,0,46.012 Mts. con Mz. 26 Huerto. 15 más 35.00 Mts. con Mz. 26 Huerto. 94,45.468 Mts. con Mz. 26 Huerto. 13 más 35.00 Mts. con Mz. 26 Huerto. 96,12.50 Mts. conMz. 27 Huerto. 96,12.50 Mts. con sendero la ceiba,0,0
86,8,2,312.5,1,0,46.012 Mts. con Mz. 26 Huerto. 15 más 35.00 Mts. con Mz. 26 Huerto. 95,45.468 Mts. con Mz. 26 Huerto. 13 más 35.00 Mts. con Mz. 26 Huerto. 97,12.50 Mts. conMz. 27 Huerto. 97,12.50 Mts. con sendero la ceiba,0,0
87,8,2A,312.5,1,0,46.012 Mts. con Mz. 26 Huerto. 15 más 35.00 Mts. con Mz. 26 Huerto. 96,45.468 Mts. con Mz. 26 Huerto. 13 más 35.00 Mts. con Mz. 26 Huerto. 98,12.50 Mts. conMz. 27 Huerto. 98,12.50 Mts. con sendero la ceiba,0,0
88,8,3,312.5,1,0,46.012 Mts. con Mz. 26 Huerto. 15 más 35.00 Mts. con Mz. 26 Huerto. 97,45.468 Mts. con Mz. 26 Huerto. 13 más 35.00 Mts. con Mz. 26 Huerto. 99,12.50 Mts. conMz. 27 Huerto. 99,12.50 Mts. con sendero la ceiba,0,0
89,8,3A,312.5,1,0,46.012 Mts. con Mz. 26 Huerto. 15 más 35.00 Mts. con Mz. 26 Huerto. 98,45.468 Mts. con Mz. 26 Huerto. 13 más 35.00 Mts. con Mz. 26 Huerto. 100,12.50 Mts. conMz. 27 Huerto. 100,12.50 Mts. con sendero la ceiba,0,0
90,8,4,312.5,1,0,46.012 Mts. con Mz. 26 Huerto. 15 más 35.00 Mts. con Mz. 26 Huerto. 99,45.468 Mts. con Mz. 26 Huerto. 13 más 35.00 Mts. con Mz. 26 Huerto. 101,12.50 Mts. conMz. 27 Huerto. 101,12.50 Mts. con sendero la ceiba,0,0
91,8,4A,312.5,1,0,46.012 Mts. con Mz. 26 Huerto. 15 más 35.00 Mts. con Mz. 26 Huerto. 100,45.468 Mts. con Mz. 26 Huerto. 13 más 35.00 Mts. con Mz. 26 Huerto. 102,12.50 Mts. conMz. 27 Huerto. 102,12.50 Mts. con sendero la ceiba,0,0
92,8,5,312.5,1,0,46.012 Mts. con Mz. 26 Huerto. 15 más 35.00 Mts. con Mz. 26 Huerto. 101,45.468 Mts. con Mz. 26 Huerto. 13 más 35.00 Mts. con Mz. 26 Huerto. 103,12.50 Mts. conMz. 27 Huerto. 103,12.50 Mts. con sendero la ceiba,0,0
93,8,5A,312.5,1,0,46.012 Mts. con Mz. 26 Huerto. 15 más 35.00 Mts. con Mz. 26 Huerto. 102,45.468 Mts. con Mz. 26 Huerto. 13 más 35.00 Mts. con Mz. 26 Huerto. 104,12.50 Mts. conMz. 27 Huerto. 104,12.50 Mts. con sendero la ceiba,0,0
94,8,6,312.5,1,0,46.012 Mts. con Mz. 26 Huerto. 15 más 35.00 Mts. con Mz. 26 Huerto. 103,45.468 Mts. con Mz. 26 Huerto. 13 más 35.00 Mts. con Mz. 26 Huerto. 105,12.50 Mts. conMz. 27 Huerto. 105,12.50 Mts. con sendero la ceiba,0,0
95,8,6A,312.5,1,0,46.012 Mts. con Mz. 26 Huerto. 15 más 35.00 Mts. con Mz. 26 Huerto. 104,45.468 Mts. con Mz. 26 Huerto. 13 más 35.00 Mts. con Mz. 26 Huerto. 106,12.50 Mts. conMz. 27 Huerto. 106,12.50 Mts. con sendero la ceiba,0,0
96,8,7,312.5,1,0,46.012 Mts. con Mz. 26 Huerto. 15 más 35.00 Mts. con Mz. 26 Huerto. 105,45.468 Mts. con Mz. 26 Huerto. 13 más 35.00 Mts. con Mz. 26 Huerto. 107,12.50 Mts. conMz. 27 Huerto. 107,12.50 Mts. con sendero la ceiba,0,0
97,8,7A,312.5,1,0,46.012 Mts. con Mz. 26 Huerto. 15 más 35.00 Mts. con Mz. 26 Huerto. 106,45.468 Mts. con Mz. 26 Huerto. 13 más 35.00 Mts. con Mz. 26 Huerto. 108,12.50 Mts. conMz. 27 Huerto. 108,12.50 Mts. con sendero la ceiba,0,0
98,8,8,312.5,1,0,46.012 Mts. con Mz. 26 Huerto. 15 más 35.00 Mts. con Mz. 26 Huerto. 107,45.468 Mts. con Mz. 26 Huerto. 13 más 35.00 Mts. con Mz. 26 Huerto. 109,12.50 Mts. conMz. 27 Huerto. 109,12.50 Mts. con sendero la ceiba,0,0
99,8,8A,312.5,1,0,46.012 Mts. con Mz. 26 Huerto. 15 más 35.00 Mts. con Mz. 26 Huerto. 108,45.468 Mts. con Mz. 26 Huerto. 13 más 35.00 Mts. con Mz. 26 Huerto. 110,12.50 Mts. conMz. 27 Huerto. 110,12.50 Mts. con sendero la ceiba,0,0
100,8,9,312.5,1,0,46.012 Mts. con Mz. 26 Huerto. 15 más 35.00 Mts. con Mz. 26 Huerto. 109,45.468 Mts. con Mz. 26 Huerto. 13 más 35.00 Mts. con Mz. 26 Huerto. 111,12.50 Mts. conMz. 27 Huerto. 111,12.50 Mts. con sendero la ceiba,0,0
101,8,9A,312.5,1,0,46.012 Mts. con Mz. 26 Huerto. 15 más 35.00 Mts. con Mz. 26 Huerto. 110,45.468 Mts. con Mz. 26 Huerto. 13 más 35.00 Mts. con Mz. 26 Huerto. 112,12.50 Mts. conMz. 27 Huerto. 112,12.50 Mts. con sendero la ceiba,0,0
102,8,10,312.5,1,0,46.012 Mts. con Mz. 26 Huerto. 15 más 35.00 Mts. con Mz. 26 Huerto. 111,45.468 Mts. con Mz. 26 Huerto. 13 más 35.00 Mts. con Mz. 26 Huerto. 113,12.50 Mts. conMz. 27 Huerto. 113,12.50 Mts. con sendero la ceiba,0,0
103,8,10A,312.5,1,0,46.012 Mts. con Mz. 26 Huerto. 15 más 35.00 Mts. con Mz. 26 Huerto. 112,45.468 Mts. con Mz. 26 Huerto. 13 más 35.00 Mts. con Mz. 26 Huerto. 114,12.50 Mts. conMz. 27 Huerto. 114,12.50 Mts. con sendero la ceiba,0,0
104,9,1,312.5,1,1,46.012 Mts. con Mz. 26 Huerto. 15 más 35.00 Mts. con Mz. 26 Huerto. 113,45.468 Mts. con Mz. 26 Huerto. 13 más 35.00 Mts. con Mz. 26 Huerto. 115,12.50 Mts. conMz. 27 Huerto. 115,12.50 Mts. con sendero la ceiba,0,0
105,9,1A,312.5,1,0,46.012 Mts. con Mz. 26 Huerto. 15 más 35.00 Mts. con Mz. 26 Huerto. 114,45.468 Mts. con Mz. 26 Huerto. 13 más 35.00 Mts. con Mz. 26 Huerto. 116,12.50 Mts. conMz. 27 Huerto. 116,12.50 Mts. con sendero la ceiba,0,0
106,9,2,312.5,1,0,46.012 Mts. con Mz. 26 Huerto. 15 más 35.00 Mts. con Mz. 26 Huerto. 115,45.468 Mts. con Mz. 26 Huerto. 13 más 35.00 Mts. con Mz. 26 Huerto. 117,12.50 Mts. conMz. 27 Huerto. 117,12.50 Mts. con sendero la ceiba,0,0
107,9,2A,312.5,1,0,46.012 Mts. con Mz. 26 Huerto. 15 más 35.00 Mts. con Mz. 26 Huerto. 116,45.468 Mts. con Mz. 26 Huerto. 13 más 35.00 Mts. con Mz. 26 Huerto. 118,12.50 Mts. conMz. 27 Huerto. 118,12.50 Mts. con sendero la ceiba,0,0
108,9,3,312.5,1,0,46.012 Mts. con Mz. 26 Huerto. 15 más 35.00 Mts. con Mz. 26 Huerto. 117,45.468 Mts. con Mz. 26 Huerto. 13 más 35.00 Mts. con Mz. 26 Huerto. 119,12.50 Mts. conMz. 27 Huerto. 119,12.50 Mts. con sendero la ceiba,0,0
109,9,3A,312.5,1,0,46.012 Mts. con Mz. 26 Huerto. 15 más 35.00 Mts. con Mz. 26 Huerto. 118,45.468 Mts. con Mz. 26 Huerto. 13 más 35.00 Mts. con Mz. 26 Huerto. 120,12.50 Mts. conMz. 27 Huerto. 120,12.50 Mts. con sendero la ceiba,0,0
110,9,4,312.5,1,0,46.012 Mts. con Mz. 26 Huerto. 15 más 35.00 Mts. con Mz. 26 Huerto. 119,45.468 Mts. con Mz. 26 Huerto. 13 más 35.00 Mts. con Mz. 26 Huerto. 121,12.50 Mts. conMz. 27 Huerto. 121,12.50 Mts. con sendero la ceiba,0,0
111,9,4A,312.5,1,0,46.012 Mts. con Mz. 26 Huerto. 15 más 35.00 Mts. con Mz. 26 Huerto. 120,45.468 Mts. con Mz. 26 Huerto. 13 más 35.00 Mts. con Mz. 26 Huerto. 122,12.50 Mts. conMz. 27 Huerto. 122,12.50 Mts. con sendero la ceiba,0,0
112,9,5,312.5,1,0,46.012 Mts. con Mz. 26 Huerto. 15 más 35.00 Mts. con Mz. 26 Huerto. 121,45.468 Mts. con Mz. 26 Huerto. 13 más 35.00 Mts. con Mz. 26 Huerto. 123,12.50 Mts. conMz. 27 Huerto. 123,12.50 Mts. con sendero la ceiba,0,0
113,9,5A,312.5,1,0,46.012 Mts. con Mz. 26 Huerto. 15 más 35.00 Mts. con Mz. 26 Huerto. 122,45.468 Mts. con Mz. 26 Huerto. 13 más 35.00 Mts. con Mz. 26 Huerto. 124,12.50 Mts. conMz. 27 Huerto. 124,12.50 Mts. con sendero la ceiba,0,0
114,9,6,312.5,1,1,46.012 Mts. con Mz. 26 Huerto. 15 más 35.00 Mts. con Mz. 26 Huerto. 123,45.468 Mts. con Mz. 26 Huerto. 13 más 35.00 Mts. con Mz. 26 Huerto. 125,12.50 Mts. conMz. 27 Huerto. 125,12.50 Mts. con sendero la ceiba,0,0
115,9,6A,312.5,1,1,46.012 Mts. con Mz. 26 Huerto. 15 más 35.00 Mts. con Mz. 26 Huerto. 124,45.468 Mts. con Mz. 26 Huerto. 13 más 35.00 Mts. con Mz. 26 Huerto. 126,12.50 Mts. conMz. 27 Huerto. 126,12.50 Mts. con sendero la ceiba,0,0
116,9,7,312.5,1,0,46.012 Mts. con Mz. 26 Huerto. 15 más 35.00 Mts. con Mz. 26 Huerto. 125,45.468 Mts. con Mz. 26 Huerto. 13 más 35.00 Mts. con Mz. 26 Huerto. 127,12.50 Mts. conMz. 27 Huerto. 127,12.50 Mts. con sendero la ceiba,0,0
117,9,7A,312.5,1,0,46.012 Mts. con Mz. 26 Huerto. 15 más 35.00 Mts. con Mz. 26 Huerto. 126,45.468 Mts. con Mz. 26 Huerto. 13 más 35.00 Mts. con Mz. 26 Huerto. 128,12.50 Mts. conMz. 27 Huerto. 128,12.50 Mts. con sendero la ceiba,0,0
118,9,8,312.5,1,0,46.012 Mts. con Mz. 26 Huerto. 15 más 35.00 Mts. con Mz. 26 Huerto. 127,45.468 Mts. con Mz. 26 Huerto. 13 más 35.00 Mts. con Mz. 26 Huerto. 129,12.50 Mts. conMz. 27 Huerto. 129,12.50 Mts. con sendero la ceiba,0,0
119,9,8A,312.5,1,0,46.012 Mts. con Mz. 26 Huerto. 15 más 35.00 Mts. con Mz. 26 Huerto. 128,45.468 Mts. con Mz. 26 Huerto. 13 más 35.00 Mts. con Mz. 26 Huerto. 130,12.50 Mts. conMz. 27 Huerto. 130,12.50 Mts. con sendero la ceiba,0,0
120,9,9,312.5,1,0,46.012 Mts. con Mz. 26 Huerto. 15 más 35.00 Mts. con Mz. 26 Huerto. 129,45.468 Mts. con Mz. 26 Huerto. 13 más 35.00 Mts. con Mz. 26 Huerto. 131,12.50 Mts. conMz. 27 Huerto. 131,12.50 Mts. con sendero la ceiba,0,0
121,9,9A,312.5,1,0,46.012 Mts. con Mz. 26 Huerto. 15 más 35.00 Mts. con Mz. 26 Huerto. 130,45.468 Mts. con Mz. 26 Huerto. 13 más 35.00 Mts. con Mz. 26 Huerto. 132,12.50 Mts. conMz. 27 Huerto. 132,12.50 Mts. con sendero la ceiba,0,0
122,9,10,312.5,1,0,46.012 Mts. con Mz. 26 Huerto. 15 más 35.00 Mts. con Mz. 26 Huerto. 131,45.468 Mts. con Mz. 26 Huerto. 13 más 35.00 Mts. con Mz. 26 Huerto. 133,12.50 Mts. conMz. 27 Huerto. 133,12.50 Mts. con sendero la ceiba,0,0
123,9,10A,312.5,1,0,46.012 Mts. con Mz. 26 Huerto. 15 más 35.00 Mts. con Mz. 26 Huerto. 132,45.468 Mts. con Mz. 26 Huerto. 13 más 35.00 Mts. con Mz. 26 Huerto. 134,12.50 Mts. conMz. 27 Huerto. 134,12.50 Mts. con sendero la ceiba,0,0
124,10,1,312.5,1,0,46.012 Mts. con Mz. 26 Huerto. 15 más 35.00 Mts. con Mz. 26 Huerto. 133,45.468 Mts. con Mz. 26 Huerto. 13 más 35.00 Mts. con Mz. 26 Huerto. 135,12.50 Mts. conMz. 27 Huerto. 135,12.50 Mts. con sendero la ceiba,0,0
125,10,1A,312.5,1,1,46.012 Mts. con Mz. 26 Huerto. 15 más 35.00 Mts. con Mz. 26 Huerto. 134,45.468 Mts. con Mz. 26 Huerto. 13 más 35.00 Mts. con Mz. 26 Huerto. 136,12.50 Mts. conMz. 27 Huerto. 136,12.50 Mts. con sendero la ceiba,0,0
126,10,2,312.5,1,0,46.012 Mts. con Mz. 26 Huerto. 15 más 35.00 Mts. con Mz. 26 Huerto. 135,45.468 Mts. con Mz. 26 Huerto. 13 más 35.00 Mts. con Mz. 26 Huerto. 137,12.50 Mts. conMz. 27 Huerto. 137,12.50 Mts. con sendero la ceiba,0,0
127,10,2A,312.5,1,0,46.012 Mts. con Mz. 26 Huerto. 15 más 35.00 Mts. con Mz. 26 Huerto. 136,45.468 Mts. con Mz. 26 Huerto. 13 más 35.00 Mts. con Mz. 26 Huerto. 138,12.50 Mts. conMz. 27 Huerto. 138,12.50 Mts. con sendero la ceiba,0,0
128,10,3,312.5,1,0,46.012 Mts. con Mz. 26 Huerto. 15 más 35.00 Mts. con Mz. 26 Huerto. 137,45.468 Mts. con Mz. 26 Huerto. 13 más 35.00 Mts. con Mz. 26 Huerto. 139,12.50 Mts. conMz. 27 Huerto. 139,12.50 Mts. con sendero la ceiba,0,0
129,10,3A,312.5,1,0,46.012 Mts. con Mz. 26 Huerto. 15 más 35.00 Mts. con Mz. 26 Huerto. 138,45.468 Mts. con Mz. 26 Huerto. 13 más 35.00 Mts. con Mz. 26 Huerto. 140,12.50 Mts. conMz. 27 Huerto. 140,12.50 Mts. con sendero la ceiba,0,0
130,10,4,312.5,1,0,46.012 Mts. con Mz. 26 Huerto. 15 más 35.00 Mts. con Mz. 26 Huerto. 139,45.468 Mts. con Mz. 26 Huerto. 13 más 35.00 Mts. con Mz. 26 Huerto. 141,12.50 Mts. conMz. 27 Huerto. 141,12.50 Mts. con sendero la ceiba,0,0
131,10,4A,312.5,1,0,46.012 Mts. con Mz. 26 Huerto. 15 más 35.00 Mts. con Mz. 26 Huerto. 140,45.468 Mts. con Mz. 26 Huerto. 13 más 35.00 Mts. con Mz. 26 Huerto. 142,12.50 Mts. conMz. 27 Huerto. 142,12.50 Mts. con sendero la ceiba,0,0
132,10,5,312.5,1,0,46.012 Mts. con Mz. 26 Huerto. 15 más 35.00 Mts. con Mz. 26 Huerto. 141,45.468 Mts. con Mz. 26 Huerto. 13 más 35.00 Mts. con Mz. 26 Huerto. 143,12.50 Mts. conMz. 27 Huerto. 143,12.50 Mts. con sendero la ceiba,0,0
133,10,5A,312.5,1,0,46.012 Mts. con Mz. 26 Huerto. 15 más 35.00 Mts. con Mz. 26 Huerto. 142,45.468 Mts. con Mz. 26 Huerto. 13 más 35.00 Mts. con Mz. 26 Huerto. 144,12.50 Mts. conMz. 27 Huerto. 144,12.50 Mts. con sendero la ceiba,0,0
134,10,6,312.5,1,0,46.012 Mts. con Mz. 26 Huerto. 15 más 35.00 Mts. con Mz. 26 Huerto. 143,45.468 Mts. con Mz. 26 Huerto. 13 más 35.00 Mts. con Mz. 26 Huerto. 145,12.50 Mts. conMz. 27 Huerto. 145,12.50 Mts. con sendero la ceiba,0,0
135,10,6A,312.5,1,0,46.012 Mts. con Mz. 26 Huerto. 15 más 35.00 Mts. con Mz. 26 Huerto. 144,45.468 Mts. con Mz. 26 Huerto. 13 más 35.00 Mts. con Mz. 26 Huerto. 146,12.50 Mts. conMz. 27 Huerto. 146,12.50 Mts. con sendero la ceiba,0,0
136,10,7,312.5,1,0,46.012 Mts. con Mz. 26 Huerto. 15 más 35.00 Mts. con Mz. 26 Huerto. 145,45.468 Mts. con Mz. 26 Huerto. 13 más 35.00 Mts. con Mz. 26 Huerto. 147,12.50 Mts. conMz. 27 Huerto. 147,12.50 Mts. con sendero la ceiba,0,0
137,10,7A,312.5,1,0,46.012 Mts. con Mz. 26 Huerto. 15 más 35.00 Mts. con Mz. 26 Huerto. 146,45.468 Mts. con Mz. 26 Huerto. 13 más 35.00 Mts. con Mz. 26 Huerto. 148,12.50 Mts. conMz. 27 Huerto. 148,12.50 Mts. con sendero la ceiba,0,0
138,10,8,312.5,1,0,46.012 Mts. con Mz. 26 Huerto. 15 más 35.00 Mts. con Mz. 26 Huerto. 147,45.468 Mts. con Mz. 26 Huerto. 13 más 35.00 Mts. con Mz. 26 Huerto. 149,12.50 Mts. conMz. 27 Huerto. 149,12.50 Mts. con sendero la ceiba,0,0
139,10,8A,312.5,1,0,46.012 Mts. con Mz. 26 Huerto. 15 más 35.00 Mts. con Mz. 26 Huerto. 148,45.468 Mts. con Mz. 26 Huerto. 13 más 35.00 Mts. con Mz. 26 Huerto. 150,12.50 Mts. conMz. 27 Huerto. 150,12.50 Mts. con sendero la ceiba,0,0
140,10,9,312.5,1,0,46.012 Mts. con Mz. 26 Huerto. 15 más 35.00 Mts. con Mz. 26 Huerto. 149,45.468 Mts. con Mz. 26 Huerto. 13 más 35.00 Mts. con Mz. 26 Huerto. 151,12.50 Mts. conMz. 27 Huerto. 151,12.50 Mts. con sendero la ceiba,0,0
141,10,9A,312.5,1,0,46.012 Mts. con Mz. 26 Huerto. 15 más 35.00 Mts. con Mz. 26 Huerto. 150,45.468 Mts. con Mz. 26 Huerto. 13 más 35.00 Mts. con Mz. 26 Huerto. 152,12.50 Mts. conMz. 27 Huerto. 152,12.50 Mts. con sendero la ceiba,0,0
142,10,10,312.5,1,0,46.012 Mts. con Mz. 26 Huerto. 15 más 35.00 Mts. con Mz. 26 Huerto. 151,45.468 Mts. con Mz. 26 Huerto. 13 más 35.00 Mts. con Mz. 26 Huerto. 153,12.50 Mts. conMz. 27 Huerto. 153,12.50 Mts. con sendero la ceiba,0,0
143,10,10A,312.5,1,0,46.012 Mts. con Mz. 26 Huerto. 15 más 35.00 Mts. con Mz. 26 Huerto. 152,45.468 Mts. con Mz. 26 Huerto. 13 más 35.00 Mts. con Mz. 26 Huerto. 154,12.50 Mts. conMz. 27 Huerto. 154,12.50 Mts. con sendero la ceiba,0,0
144,11,1,312.5,2,0,46.012 Mts. con Mz. 26 Huerto. 15 más 35.00 Mts. con Mz. 26 Huerto. 153,45.468 Mts. con Mz. 26 Huerto. 13 más 35.00 Mts. con Mz. 26 Huerto. 155,12.50 Mts. conMz. 27 Huerto. 155,12.50 Mts. con sendero la ceiba,0,0
145,11,2,312.5,1,0,46.012 Mts. con Mz. 26 Huerto. 15 más 35.00 Mts. con Mz. 26 Huerto. 154,45.468 Mts. con Mz. 26 Huerto. 13 más 35.00 Mts. con Mz. 26 Huerto. 156,12.50 Mts. conMz. 27 Huerto. 156,12.50 Mts. con sendero la ceiba,0,0
146,11,3,312.5,1,0,46.012 Mts. con Mz. 26 Huerto. 15 más 35.00 Mts. con Mz. 26 Huerto. 155,45.468 Mts. con Mz. 26 Huerto. 13 más 35.00 Mts. con Mz. 26 Huerto. 157,12.50 Mts. conMz. 27 Huerto. 157,12.50 Mts. con sendero la ceiba,0,0
147,11,4,312.5,1,0,46.012 Mts. con Mz. 26 Huerto. 15 más 35.00 Mts. con Mz. 26 Huerto. 156,45.468 Mts. con Mz. 26 Huerto. 13 más 35.00 Mts. con Mz. 26 Huerto. 158,12.50 Mts. conMz. 27 Huerto. 158,12.50 Mts. con sendero la ceiba,0,0
148,11,5,312.5,1,0,46.012 Mts. con Mz. 26 Huerto. 15 más 35.00 Mts. con Mz. 26 Huerto. 157,45.468 Mts. con Mz. 26 Huerto. 13 más 35.00 Mts. con Mz. 26 Huerto. 159,12.50 Mts. conMz. 27 Huerto. 159,12.50 Mts. con sendero la ceiba,0,0
149,11,6,312.5,1,0,46.012 Mts. con Mz. 26 Huerto. 15 más 35.00 Mts. con Mz. 26 Huerto. 158,45.468 Mts. con Mz. 26 Huerto. 13 más 35.00 Mts. con Mz. 26 Huerto. 160,12.50 Mts. conMz. 27 Huerto. 160,12.50 Mts. con sendero la ceiba,0,0
150,11,7,312.5,1,0,46.012 Mts. con Mz. 26 Huerto. 15 más 35.00 Mts. con Mz. 26 Huerto. 159,45.468 Mts. con Mz. 26 Huerto. 13 más 35.00 Mts. con Mz. 26 Huerto. 161,12.50 Mts. conMz. 27 Huerto. 161,12.50 Mts. con sendero la ceiba,0,0
151,11,8,312.5,1,0,46.012 Mts. con Mz. 26 Huerto. 15 más 35.00 Mts. con Mz. 26 Huerto. 160,45.468 Mts. con Mz. 26 Huerto. 13 más 35.00 Mts. con Mz. 26 Huerto. 162,12.50 Mts. conMz. 27 Huerto. 162,12.50 Mts. con sendero la ceiba,0,0
152,11,9,312.5,1,0,46.012 Mts. con Mz. 26 Huerto. 15 más 35.00 Mts. con Mz. 26 Huerto. 161,45.468 Mts. con Mz. 26 Huerto. 13 más 35.00 Mts. con Mz. 26 Huerto. 163,12.50 Mts. conMz. 27 Huerto. 163,12.50 Mts. con sendero la ceiba,0,0
153,11,10,312.5,1,0,46.012 Mts. con Mz. 26 Huerto. 15 más 35.00 Mts. con Mz. 26 Huerto. 162,45.468 Mts. con Mz. 26 Huerto. 13 más 35.00 Mts. con Mz. 26 Huerto. 164,12.50 Mts. conMz. 27 Huerto. 164,12.50 Mts. con sendero la ceiba,0,0
154,11,11,312.5,1,0,46.012 Mts. con Mz. 26 Huerto. 15 más 35.00 Mts. con Mz. 26 Huerto. 163,45.468 Mts. con Mz. 26 Huerto. 13 más 35.00 Mts. con Mz. 26 Huerto. 165,12.50 Mts. conMz. 27 Huerto. 165,12.50 Mts. con sendero la ceiba,0,0
155,11,12,312.5,1,0,46.012 Mts. con Mz. 26 Huerto. 15 más 35.00 Mts. con Mz. 26 Huerto. 164,45.468 Mts. con Mz. 26 Huerto. 13 más 35.00 Mts. con Mz. 26 Huerto. 166,12.50 Mts. conMz. 27 Huerto. 166,12.50 Mts. con sendero la ceiba,0,0
156,11,13,312.5,1,0,46.012 Mts. con Mz. 26 Huerto. 15 más 35.00 Mts. con Mz. 26 Huerto. 165,45.468 Mts. con Mz. 26 Huerto. 13 más 35.00 Mts. con Mz. 26 Huerto. 167,12.50 Mts. conMz. 27 Huerto. 167,12.50 Mts. con sendero la ceiba,0,0
157,11,14,312.5,1,0,46.012 Mts. con Mz. 26 Huerto. 15 más 35.00 Mts. con Mz. 26 Huerto. 166,45.468 Mts. con Mz. 26 Huerto. 13 más 35.00 Mts. con Mz. 26 Huerto. 168,12.50 Mts. conMz. 27 Huerto. 168,12.50 Mts. con sendero la ceiba,0,0
158,11,15,312.5,1,0,46.012 Mts. con Mz. 26 Huerto. 15 más 35.00 Mts. con Mz. 26 Huerto. 167,45.468 Mts. con Mz. 26 Huerto. 13 más 35.00 Mts. con Mz. 26 Huerto. 169,12.50 Mts. conMz. 27 Huerto. 169,12.50 Mts. con sendero la ceiba,0,0
159,11,16,312.5,1,0,46.012 Mts. con Mz. 26 Huerto. 15 más 35.00 Mts. con Mz. 26 Huerto. 168,45.468 Mts. con Mz. 26 Huerto. 13 más 35.00 Mts. con Mz. 26 Huerto. 170,12.50 Mts. conMz. 27 Huerto. 170,12.50 Mts. con sendero la ceiba,0,0
160,11,17,312.5,1,0,46.012 Mts. con Mz. 26 Huerto. 15 más 35.00 Mts. con Mz. 26 Huerto. 169,45.468 Mts. con Mz. 26 Huerto. 13 más 35.00 Mts. con Mz. 26 Huerto. 171,12.50 Mts. conMz. 27 Huerto. 171,12.50 Mts. con sendero la ceiba,0,0
161,11,18,312.5,1,0,46.012 Mts. con Mz. 26 Huerto. 15 más 35.00 Mts. con Mz. 26 Huerto. 170,45.468 Mts. con Mz. 26 Huerto. 13 más 35.00 Mts. con Mz. 26 Huerto. 172,12.50 Mts. conMz. 27 Huerto. 172,12.50 Mts. con sendero la ceiba,0,0
162,11,19,312.5,2,0,46.012 Mts. con Mz. 26 Huerto. 15 más 35.00 Mts. con Mz. 26 Huerto. 171,45.468 Mts. con Mz. 26 Huerto. 13 más 35.00 Mts. con Mz. 26 Huerto. 173,12.50 Mts. conMz. 27 Huerto. 173,12.50 Mts. con sendero la ceiba,0,0
163,11,20,312.5,1,0,46.012 Mts. con Mz. 26 Huerto. 15 más 35.00 Mts. con Mz. 26 Huerto. 172,45.468 Mts. con Mz. 26 Huerto. 13 más 35.00 Mts. con Mz. 26 Huerto. 174,12.50 Mts. conMz. 27 Huerto. 174,12.50 Mts. con sendero la ceiba,0,0
164,12,1,312.5,1,0,46.012 Mts. con Mz. 26 Huerto. 15 más 35.00 Mts. con Mz. 26 Huerto. 173,45.468 Mts. con Mz. 26 Huerto. 13 más 35.00 Mts. con Mz. 26 Huerto. 175,12.50 Mts. conMz. 27 Huerto. 175,12.50 Mts. con sendero la ceiba,0,0
165,12,2,312.5,1,0,46.012 Mts. con Mz. 26 Huerto. 15 más 35.00 Mts. con Mz. 26 Huerto. 174,45.468 Mts. con Mz. 26 Huerto. 13 más 35.00 Mts. con Mz. 26 Huerto. 176,12.50 Mts. conMz. 27 Huerto. 176,12.50 Mts. con sendero la ceiba,0,0
166,12,3,312.5,1,0,46.012 Mts. con Mz. 26 Huerto. 15 más 35.00 Mts. con Mz. 26 Huerto. 175,45.468 Mts. con Mz. 26 Huerto. 13 más 35.00 Mts. con Mz. 26 Huerto. 177,12.50 Mts. conMz. 27 Huerto. 177,12.50 Mts. con sendero la ceiba,0,0
167,12,4,312.5,1,0,46.012 Mts. con Mz. 26 Huerto. 15 más 35.00 Mts. con Mz. 26 Huerto. 176,45.468 Mts. con Mz. 26 Huerto. 13 más 35.00 Mts. con Mz. 26 Huerto. 178,12.50 Mts. conMz. 27 Huerto. 178,12.50 Mts. con sendero la ceiba,0,0
168,12,5,312.5,1,0,46.012 Mts. con Mz. 26 Huerto. 15 más 35.00 Mts. con Mz. 26 Huerto. 177,45.468 Mts. con Mz. 26 Huerto. 13 más 35.00 Mts. con Mz. 26 Huerto. 179,12.50 Mts. conMz. 27 Huerto. 179,12.50 Mts. con sendero la ceiba,0,0
169,12,6,312.5,1,0,46.012 Mts. con Mz. 26 Huerto. 15 más 35.00 Mts. con Mz. 26 Huerto. 178,45.468 Mts. con Mz. 26 Huerto. 13 más 35.00 Mts. con Mz. 26 Huerto. 180,12.50 Mts. conMz. 27 Huerto. 180,12.50 Mts. con sendero la ceiba,0,0
170,12,7,312.5,1,0,46.012 Mts. con Mz. 26 Huerto. 15 más 35.00 Mts. con Mz. 26 Huerto. 179,45.468 Mts. con Mz. 26 Huerto. 13 más 35.00 Mts. con Mz. 26 Huerto. 181,12.50 Mts. conMz. 27 Huerto. 181,12.50 Mts. con sendero la ceiba,0,0
171,12,8,312.5,1,0,46.012 Mts. con Mz. 26 Huerto. 15 más 35.00 Mts. con Mz. 26 Huerto. 180,45.468 Mts. con Mz. 26 Huerto. 13 más 35.00 Mts. con Mz. 26 Huerto. 182,12.50 Mts. conMz. 27 Huerto. 182,12.50 Mts. con sendero la ceiba,0,0
172,12,9,312.5,1,0,46.012 Mts. con Mz. 26 Huerto. 15 más 35.00 Mts. con Mz. 26 Huerto. 181,45.468 Mts. con Mz. 26 Huerto. 13 más 35.00 Mts. con Mz. 26 Huerto. 183,12.50 Mts. conMz. 27 Huerto. 183,12.50 Mts. con sendero la ceiba,0,0
173,12,10,312.5,1,0,46.012 Mts. con Mz. 26 Huerto. 15 más 35.00 Mts. con Mz. 26 Huerto. 182,45.468 Mts. con Mz. 26 Huerto. 13 más 35.00 Mts. con Mz. 26 Huerto. 184,12.50 Mts. conMz. 27 Huerto. 184,12.50 Mts. con sendero la ceiba,0,0
174,12,11,312.5,1,0,46.012 Mts. con Mz. 26 Huerto. 15 más 35.00 Mts. con Mz. 26 Huerto. 183,45.468 Mts. con Mz. 26 Huerto. 13 más 35.00 Mts. con Mz. 26 Huerto. 185,12.50 Mts. conMz. 27 Huerto. 185,12.50 Mts. con sendero la ceiba,0,0
175,12,12,312.5,1,0,46.012 Mts. con Mz. 26 Huerto. 15 más 35.00 Mts. con Mz. 26 Huerto. 184,45.468 Mts. con Mz. 26 Huerto. 13 más 35.00 Mts. con Mz. 26 Huerto. 186,12.50 Mts. conMz. 27 Huerto. 186,12.50 Mts. con sendero la ceiba,0,0
176,12,13,312.5,1,0,46.012 Mts. con Mz. 26 Huerto. 15 más 35.00 Mts. con Mz. 26 Huerto. 185,45.468 Mts. con Mz. 26 Huerto. 13 más 35.00 Mts. con Mz. 26 Huerto. 187,12.50 Mts. conMz. 27 Huerto. 187,12.50 Mts. con sendero la ceiba,0,0
177,12,14,312.5,1,0,46.012 Mts. con Mz. 26 Huerto. 15 más 35.00 Mts. con Mz. 26 Huerto. 186,45.468 Mts. con Mz. 26 Huerto. 13 más 35.00 Mts. con Mz. 26 Huerto. 188,12.50 Mts. conMz. 27 Huerto. 188,12.50 Mts. con sendero la ceiba,0,0
178,12,15,312.5,1,0,46.012 Mts. con Mz. 26 Huerto. 15 más 35.00 Mts. con Mz. 26 Huerto. 187,45.468 Mts. con Mz. 26 Huerto. 13 más 35.00 Mts. con Mz. 26 Huerto. 189,12.50 Mts. conMz. 27 Huerto. 189,12.50 Mts. con sendero la ceiba,0,0
179,12,16,312.5,1,0,46.012 Mts. con Mz. 26 Huerto. 15 más 35.00 Mts. con Mz. 26 Huerto. 188,45.468 Mts. con Mz. 26 Huerto. 13 más 35.00 Mts. con Mz. 26 Huerto. 190,12.50 Mts. conMz. 27 Huerto. 190,12.50 Mts. con sendero la ceiba,0,0
180,12,17,312.5,1,0,46.012 Mts. con Mz. 26 Huerto. 15 más 35.00 Mts. con Mz. 26 Huerto. 189,45.468 Mts. con Mz. 26 Huerto. 13 más 35.00 Mts. con Mz. 26 Huerto. 191,12.50 Mts. conMz. 27 Huerto. 191,12.50 Mts. con sendero la ceiba,0,0
181,12,18,312.5,1,0,46.012 Mts. con Mz. 26 Huerto. 15 más 35.00 Mts. con Mz. 26 Huerto. 190,45.468 Mts. con Mz. 26 Huerto. 13 más 35.00 Mts. con Mz. 26 Huerto. 192,12.50 Mts. conMz. 27 Huerto. 192,12.50 Mts. con sendero la ceiba,0,0
182,12,19,312.5,1,0,46.012 Mts. con Mz. 26 Huerto. 15 más 35.00 Mts. con Mz. 26 Huerto. 191,45.468 Mts. con Mz. 26 Huerto. 13 más 35.00 Mts. con Mz. 26 Huerto. 193,12.50 Mts. conMz. 27 Huerto. 193,12.50 Mts. con sendero la ceiba,0,0
183,12,20,312.5,1,0,46.012 Mts. con Mz. 26 Huerto. 15 más 35.00 Mts. con Mz. 26 Huerto. 192,45.468 Mts. con Mz. 26 Huerto. 13 más 35.00 Mts. con Mz. 26 Huerto. 194,12.50 Mts. conMz. 27 Huerto. 194,12.50 Mts. con sendero la ceiba,0,0
184,13,1,312.5,1,0,46.012 Mts. con Mz. 26 Huerto. 15 más 35.00 Mts. con Mz. 26 Huerto. 193,45.468 Mts. con Mz. 26 Huerto. 13 más 35.00 Mts. con Mz. 26 Huerto. 195,12.50 Mts. conMz. 27 Huerto. 195,12.50 Mts. con sendero la ceiba,0,0
185,13,2,312.5,1,0,46.012 Mts. con Mz. 26 Huerto. 15 más 35.00 Mts. con Mz. 26 Huerto. 194,45.468 Mts. con Mz. 26 Huerto. 13 más 35.00 Mts. con Mz. 26 Huerto. 196,12.50 Mts. conMz. 27 Huerto. 196,12.50 Mts. con sendero la ceiba,0,0
186,13,3,312.5,1,0,46.012 Mts. con Mz. 26 Huerto. 15 más 35.00 Mts. con Mz. 26 Huerto. 195,45.468 Mts. con Mz. 26 Huerto. 13 más 35.00 Mts. con Mz. 26 Huerto. 197,12.50 Mts. conMz. 27 Huerto. 197,12.50 Mts. con sendero la ceiba,0,0
187,13,4,312.5,1,0,46.012 Mts. con Mz. 26 Huerto. 15 más 35.00 Mts. con Mz. 26 Huerto. 196,45.468 Mts. con Mz. 26 Huerto. 13 más 35.00 Mts. con Mz. 26 Huerto. 198,12.50 Mts. conMz. 27 Huerto. 198,12.50 Mts. con sendero la ceiba,0,0
188,13,5,312.5,1,0,46.012 Mts. con Mz. 26 Huerto. 15 más 35.00 Mts. con Mz. 26 Huerto. 197,45.468 Mts. con Mz. 26 Huerto. 13 más 35.00 Mts. con Mz. 26 Huerto. 199,12.50 Mts. conMz. 27 Huerto. 199,12.50 Mts. con sendero la ceiba,0,0
189,13,6,312.5,1,0,46.012 Mts. con Mz. 26 Huerto. 15 más 35.00 Mts. con Mz. 26 Huerto. 198,45.468 Mts. con Mz. 26 Huerto. 13 más 35.00 Mts. con Mz. 26 Huerto. 200,12.50 Mts. conMz. 27 Huerto. 200,12.50 Mts. con sendero la ceiba,0,0
190,13,7,312.5,1,0,46.012 Mts. con Mz. 26 Huerto. 15 más 35.00 Mts. con Mz. 26 Huerto. 199,45.468 Mts. con Mz. 26 Huerto. 13 más 35.00 Mts. con Mz. 26 Huerto. 201,12.50 Mts. conMz. 27 Huerto. 201,12.50 Mts. con sendero la ceiba,0,0
191,13,8,312.5,1,0,46.012 Mts. con Mz. 26 Huerto. 15 más 35.00 Mts. con Mz. 26 Huerto. 200,45.468 Mts. con Mz. 26 Huerto. 13 más 35.00 Mts. con Mz. 26 Huerto. 202,12.50 Mts. conMz. 27 Huerto. 202,12.50 Mts. con sendero la ceiba,0,0
192,13,9,312.5,1,0,46.012 Mts. con Mz. 26 Huerto. 15 más 35.00 Mts. con Mz. 26 Huerto. 201,45.468 Mts. con Mz. 26 Huerto. 13 más 35.00 Mts. con Mz. 26 Huerto. 203,12.50 Mts. conMz. 27 Huerto. 203,12.50 Mts. con sendero la ceiba,0,0
193,13,10,312.5,1,0,46.012 Mts. con Mz. 26 Huerto. 15 más 35.00 Mts. con Mz. 26 Huerto. 202,45.468 Mts. con Mz. 26 Huerto. 13 más 35.00 Mts. con Mz. 26 Huerto. 204,12.50 Mts. conMz. 27 Huerto. 204,12.50 Mts. con sendero la ceiba,0,0
194,13,11,312.5,1,0,46.012 Mts. con Mz. 26 Huerto. 15 más 35.00 Mts. con Mz. 26 Huerto. 203,45.468 Mts. con Mz. 26 Huerto. 13 más 35.00 Mts. con Mz. 26 Huerto. 205,12.50 Mts. conMz. 27 Huerto. 205,12.50 Mts. con sendero la ceiba,0,0
195,13,12,312.5,1,0,46.012 Mts. con Mz. 26 Huerto. 15 más 35.00 Mts. con Mz. 26 Huerto. 204,45.468 Mts. con Mz. 26 Huerto. 13 más 35.00 Mts. con Mz. 26 Huerto. 206,12.50 Mts. conMz. 27 Huerto. 206,12.50 Mts. con sendero la ceiba,0,0
196,13,13,312.5,1,0,46.012 Mts. con Mz. 26 Huerto. 15 más 35.00 Mts. con Mz. 26 Huerto. 205,45.468 Mts. con Mz. 26 Huerto. 13 más 35.00 Mts. con Mz. 26 Huerto. 207,12.50 Mts. conMz. 27 Huerto. 207,12.50 Mts. con sendero la ceiba,0,0
197,13,14,312.5,1,0,46.012 Mts. con Mz. 26 Huerto. 15 más 35.00 Mts. con Mz. 26 Huerto. 206,45.468 Mts. con Mz. 26 Huerto. 13 más 35.00 Mts. con Mz. 26 Huerto. 208,12.50 Mts. conMz. 27 Huerto. 208,12.50 Mts. con sendero la ceiba,0,0
198,13,15,312.5,1,0,46.012 Mts. con Mz. 26 Huerto. 15 más 35.00 Mts. con Mz. 26 Huerto. 207,45.468 Mts. con Mz. 26 Huerto. 13 más 35.00 Mts. con Mz. 26 Huerto. 209,12.50 Mts. conMz. 27 Huerto. 209,12.50 Mts. con sendero la ceiba,0,0
199,13,16,312.5,1,0,46.012 Mts. con Mz. 26 Huerto. 15 más 35.00 Mts. con Mz. 26 Huerto. 208,45.468 Mts. con Mz. 26 Huerto. 13 más 35.00 Mts. con Mz. 26 Huerto. 210,12.50 Mts. conMz. 27 Huerto. 210,12.50 Mts. con sendero la ceiba,0,0
200,13,17,312.5,1,0,46.012 Mts. con Mz. 26 Huerto. 15 más 35.00 Mts. con Mz. 26 Huerto. 209,45.468 Mts. con Mz. 26 Huerto. 13 más 35.00 Mts. con Mz. 26 Huerto. 211,12.50 Mts. conMz. 27 Huerto. 211,12.50 Mts. con sendero la ceiba,0,0
201,13,18,312.5,1,0,46.012 Mts. con Mz. 26 Huerto. 15 más 35.00 Mts. con Mz. 26 Huerto. 210,45.468 Mts. con Mz. 26 Huerto. 13 más 35.00 Mts. con Mz. 26 Huerto. 212,12.50 Mts. conMz. 27 Huerto. 212,12.50 Mts. con sendero la ceiba,0,0
202,13,19,312.5,1,0,46.012 Mts. con Mz. 26 Huerto. 15 más 35.00 Mts. con Mz. 26 Huerto. 211,45.468 Mts. con Mz. 26 Huerto. 13 más 35.00 Mts. con Mz. 26 Huerto. 213,12.50 Mts. conMz. 27 Huerto. 213,12.50 Mts. con sendero la ceiba,0,0
203,13,20,312.5,1,0,46.012 Mts. con Mz. 26 Huerto. 15 más 35.00 Mts. con Mz. 26 Huerto. 212,45.468 Mts. con Mz. 26 Huerto. 13 más 35.00 Mts. con Mz. 26 Huerto. 214,12.50 Mts. conMz. 27 Huerto. 214,12.50 Mts. con sendero la ceiba,0,0
204,14,1,312.5,1,0,46.012 Mts. con Mz. 26 Huerto. 15 más 35.00 Mts. con Mz. 26 Huerto. 213,45.468 Mts. con Mz. 26 Huerto. 13 más 35.00 Mts. con Mz. 26 Huerto. 215,12.50 Mts. conMz. 27 Huerto. 215,12.50 Mts. con sendero la ceiba,0,0
205,14,2,312.5,1,0,46.012 Mts. con Mz. 26 Huerto. 15 más 35.00 Mts. con Mz. 26 Huerto. 214,45.468 Mts. con Mz. 26 Huerto. 13 más 35.00 Mts. con Mz. 26 Huerto. 216,12.50 Mts. conMz. 27 Huerto. 216,12.50 Mts. con sendero la ceiba,0,0
206,14,3,312.5,1,0,46.012 Mts. con Mz. 26 Huerto. 15 más 35.00 Mts. con Mz. 26 Huerto. 215,45.468 Mts. con Mz. 26 Huerto. 13 más 35.00 Mts. con Mz. 26 Huerto. 217,12.50 Mts. conMz. 27 Huerto. 217,12.50 Mts. con sendero la ceiba,0,0
207,14,4,312.5,1,0,46.012 Mts. con Mz. 26 Huerto. 15 más 35.00 Mts. con Mz. 26 Huerto. 216,45.468 Mts. con Mz. 26 Huerto. 13 más 35.00 Mts. con Mz. 26 Huerto. 218,12.50 Mts. conMz. 27 Huerto. 218,12.50 Mts. con sendero la ceiba,0,0
208,14,5,312.5,1,0,46.012 Mts. con Mz. 26 Huerto. 15 más 35.00 Mts. con Mz. 26 Huerto. 217,45.468 Mts. con Mz. 26 Huerto. 13 más 35.00 Mts. con Mz. 26 Huerto. 219,12.50 Mts. conMz. 27 Huerto. 219,12.50 Mts. con sendero la ceiba,0,0
209,14,6,312.5,1,0,46.012 Mts. con Mz. 26 Huerto. 15 más 35.00 Mts. con Mz. 26 Huerto. 218,45.468 Mts. con Mz. 26 Huerto. 13 más 35.00 Mts. con Mz. 26 Huerto. 220,12.50 Mts. conMz. 27 Huerto. 220,12.50 Mts. con sendero la ceiba,0,0
210,14,7,312.5,1,0,46.012 Mts. con Mz. 26 Huerto. 15 más 35.00 Mts. con Mz. 26 Huerto. 219,45.468 Mts. con Mz. 26 Huerto. 13 más 35.00 Mts. con Mz. 26 Huerto. 221,12.50 Mts. conMz. 27 Huerto. 221,12.50 Mts. con sendero la ceiba,0,0
211,14,8,312.5,1,0,46.012 Mts. con Mz. 26 Huerto. 15 más 35.00 Mts. con Mz. 26 Huerto. 220,45.468 Mts. con Mz. 26 Huerto. 13 más 35.00 Mts. con Mz. 26 Huerto. 222,12.50 Mts. conMz. 27 Huerto. 222,12.50 Mts. con sendero la ceiba,0,0
212,14,9,312.5,1,0,46.012 Mts. con Mz. 26 Huerto. 15 más 35.00 Mts. con Mz. 26 Huerto. 221,45.468 Mts. con Mz. 26 Huerto. 13 más 35.00 Mts. con Mz. 26 Huerto. 223,12.50 Mts. conMz. 27 Huerto. 223,12.50 Mts. con sendero la ceiba,0,0
213,14,10,312.5,1,0,46.012 Mts. con Mz. 26 Huerto. 15 más 35.00 Mts. con Mz. 26 Huerto. 222,45.468 Mts. con Mz. 26 Huerto. 13 más 35.00 Mts. con Mz. 26 Huerto. 224,12.50 Mts. conMz. 27 Huerto. 224,12.50 Mts. con sendero la ceiba,0,0
214,14,11,312.5,1,0,46.012 Mts. con Mz. 26 Huerto. 15 más 35.00 Mts. con Mz. 26 Huerto. 223,45.468 Mts. con Mz. 26 Huerto. 13 más 35.00 Mts. con Mz. 26 Huerto. 225,12.50 Mts. conMz. 27 Huerto. 225,12.50 Mts. con sendero la ceiba,0,0
215,14,12,312.5,1,0,46.012 Mts. con Mz. 26 Huerto. 15 más 35.00 Mts. con Mz. 26 Huerto. 224,45.468 Mts. con Mz. 26 Huerto. 13 más 35.00 Mts. con Mz. 26 Huerto. 226,12.50 Mts. conMz. 27 Huerto. 226,12.50 Mts. con sendero la ceiba,0,0
216,14,13,312.5,1,0,46.012 Mts. con Mz. 26 Huerto. 15 más 35.00 Mts. con Mz. 26 Huerto. 225,45.468 Mts. con Mz. 26 Huerto. 13 más 35.00 Mts. con Mz. 26 Huerto. 227,12.50 Mts. conMz. 27 Huerto. 227,12.50 Mts. con sendero la ceiba,0,0
217,14,14,312.5,1,0,46.012 Mts. con Mz. 26 Huerto. 15 más 35.00 Mts. con Mz. 26 Huerto. 226,45.468 Mts. con Mz. 26 Huerto. 13 más 35.00 Mts. con Mz. 26 Huerto. 228,12.50 Mts. conMz. 27 Huerto. 228,12.50 Mts. con sendero la ceiba,0,0
218,14,15,312.5,1,0,46.012 Mts. con Mz. 26 Huerto. 15 más 35.00 Mts. con Mz. 26 Huerto. 227,45.468 Mts. con Mz. 26 Huerto. 13 más 35.00 Mts. con Mz. 26 Huerto. 229,12.50 Mts. conMz. 27 Huerto. 229,12.50 Mts. con sendero la ceiba,0,0
219,14,16,312.5,1,0,46.012 Mts. con Mz. 26 Huerto. 15 más 35.00 Mts. con Mz. 26 Huerto. 228,45.468 Mts. con Mz. 26 Huerto. 13 más 35.00 Mts. con Mz. 26 Huerto. 230,12.50 Mts. conMz. 27 Huerto. 230,12.50 Mts. con sendero la ceiba,0,0
220,14,17,312.5,1,0,46.012 Mts. con Mz. 26 Huerto. 15 más 35.00 Mts. con Mz. 26 Huerto. 229,45.468 Mts. con Mz. 26 Huerto. 13 más 35.00 Mts. con Mz. 26 Huerto. 231,12.50 Mts. conMz. 27 Huerto. 231,12.50 Mts. con sendero la ceiba,0,0
221,14,18,312.5,1,0,46.012 Mts. con Mz. 26 Huerto. 15 más 35.00 Mts. con Mz. 26 Huerto. 230,45.468 Mts. con Mz. 26 Huerto. 13 más 35.00 Mts. con Mz. 26 Huerto. 232,12.50 Mts. conMz. 27 Huerto. 232,12.50 Mts. con sendero la ceiba,0,0
222,14,19,312.5,1,0,46.012 Mts. con Mz. 26 Huerto. 15 más 35.00 Mts. con Mz. 26 Huerto. 231,45.468 Mts. con Mz. 26 Huerto. 13 más 35.00 Mts. con Mz. 26 Huerto. 233,12.50 Mts. conMz. 27 Huerto. 233,12.50 Mts. con sendero la ceiba,0,0
223,14,20,312.5,1,0,46.012 Mts. con Mz. 26 Huerto. 15 más 35.00 Mts. con Mz. 26 Huerto. 232,45.468 Mts. con Mz. 26 Huerto. 13 más 35.00 Mts. con Mz. 26 Huerto. 234,12.50 Mts. conMz. 27 Huerto. 234,12.50 Mts. con sendero la ceiba,0,0
224,15,1,312.5,1,0,46.012 Mts. con Mz. 26 Huerto. 15 más 35.00 Mts. con Mz. 26 Huerto. 233,45.468 Mts. con Mz. 26 Huerto. 13 más 35.00 Mts. con Mz. 26 Huerto. 235,12.50 Mts. conMz. 27 Huerto. 235,12.50 Mts. con sendero la ceiba,0,0
225,15,2,312.5,1,0,46.012 Mts. con Mz. 26 Huerto. 15 más 35.00 Mts. con Mz. 26 Huerto. 234,45.468 Mts. con Mz. 26 Huerto. 13 más 35.00 Mts. con Mz. 26 Huerto. 236,12.50 Mts. conMz. 27 Huerto. 236,12.50 Mts. con sendero la ceiba,0,0
226,15,3,312.5,1,0,46.012 Mts. con Mz. 26 Huerto. 15 más 35.00 Mts. con Mz. 26 Huerto. 235,45.468 Mts. con Mz. 26 Huerto. 13 más 35.00 Mts. con Mz. 26 Huerto. 237,12.50 Mts. conMz. 27 Huerto. 237,12.50 Mts. con sendero la ceiba,0,0
227,15,4,312.5,1,0,46.012 Mts. con Mz. 26 Huerto. 15 más 35.00 Mts. con Mz. 26 Huerto. 236,45.468 Mts. con Mz. 26 Huerto. 13 más 35.00 Mts. con Mz. 26 Huerto. 238,12.50 Mts. conMz. 27 Huerto. 238,12.50 Mts. con sendero la ceiba,0,0
228,15,5,312.5,1,0,46.012 Mts. con Mz. 26 Huerto. 15 más 35.00 Mts. con Mz. 26 Huerto. 237,45.468 Mts. con Mz. 26 Huerto. 13 más 35.00 Mts. con Mz. 26 Huerto. 239,12.50 Mts. conMz. 27 Huerto. 239,12.50 Mts. con sendero la ceiba,0,0
229,15,6,312.5,1,0,46.012 Mts. con Mz. 26 Huerto. 15 más 35.00 Mts. con Mz. 26 Huerto. 238,45.468 Mts. con Mz. 26 Huerto. 13 más 35.00 Mts. con Mz. 26 Huerto. 240,12.50 Mts. conMz. 27 Huerto. 240,12.50 Mts. con sendero la ceiba,0,0
230,15,7,312.5,1,0,46.012 Mts. con Mz. 26 Huerto. 15 más 35.00 Mts. con Mz. 26 Huerto. 239,45.468 Mts. con Mz. 26 Huerto. 13 más 35.00 Mts. con Mz. 26 Huerto. 241,12.50 Mts. conMz. 27 Huerto. 241,12.50 Mts. con sendero la ceiba,0,0
231,15,8,312.5,1,0,46.012 Mts. con Mz. 26 Huerto. 15 más 35.00 Mts. con Mz. 26 Huerto. 240,45.468 Mts. con Mz. 26 Huerto. 13 más 35.00 Mts. con Mz. 26 Huerto. 242,12.50 Mts. conMz. 27 Huerto. 242,12.50 Mts. con sendero la ceiba,0,0
232,15,9,312.5,1,0,46.012 Mts. con Mz. 26 Huerto. 15 más 35.00 Mts. con Mz. 26 Huerto. 241,45.468 Mts. con Mz. 26 Huerto. 13 más 35.00 Mts. con Mz. 26 Huerto. 243,12.50 Mts. conMz. 27 Huerto. 243,12.50 Mts. con sendero la ceiba,0,0
233,15,10,312.5,1,0,46.012 Mts. con Mz. 26 Huerto. 15 más 35.00 Mts. con Mz. 26 Huerto. 242,45.468 Mts. con Mz. 26 Huerto. 13 más 35.00 Mts. con Mz. 26 Huerto. 244,12.50 Mts. conMz. 27 Huerto. 244,12.50 Mts. con sendero la ceiba,0,0
234,15,11,312.5,1,0,46.012 Mts. con Mz. 26 Huerto. 15 más 35.00 Mts. con Mz. 26 Huerto. 243,45.468 Mts. con Mz. 26 Huerto. 13 más 35.00 Mts. con Mz. 26 Huerto. 245,12.50 Mts. conMz. 27 Huerto. 245,12.50 Mts. con sendero la ceiba,0,0
235,15,12,312.5,1,0,46.012 Mts. con Mz. 26 Huerto. 15 más 35.00 Mts. con Mz. 26 Huerto. 244,45.468 Mts. con Mz. 26 Huerto. 13 más 35.00 Mts. con Mz. 26 Huerto. 246,12.50 Mts. conMz. 27 Huerto. 246,12.50 Mts. con sendero la ceiba,0,0
236,15,13,312.5,1,0,46.012 Mts. con Mz. 26 Huerto. 15 más 35.00 Mts. con Mz. 26 Huerto. 245,45.468 Mts. con Mz. 26 Huerto. 13 más 35.00 Mts. con Mz. 26 Huerto. 247,12.50 Mts. conMz. 27 Huerto. 247,12.50 Mts. con sendero la ceiba,0,0
237,15,14,312.5,1,0,46.012 Mts. con Mz. 26 Huerto. 15 más 35.00 Mts. con Mz. 26 Huerto. 246,45.468 Mts. con Mz. 26 Huerto. 13 más 35.00 Mts. con Mz. 26 Huerto. 248,12.50 Mts. conMz. 27 Huerto. 248,12.50 Mts. con sendero la ceiba,0,0
238,15,15,312.5,1,0,46.012 Mts. con Mz. 26 Huerto. 15 más 35.00 Mts. con Mz. 26 Huerto. 247,45.468 Mts. con Mz. 26 Huerto. 13 más 35.00 Mts. con Mz. 26 Huerto. 249,12.50 Mts. conMz. 27 Huerto. 249,12.50 Mts. con sendero la ceiba,0,0
239,15,16,312.5,1,0,46.012 Mts. con Mz. 26 Huerto. 15 más 35.00 Mts. con Mz. 26 Huerto. 248,45.468 Mts. con Mz. 26 Huerto. 13 más 35.00 Mts. con Mz. 26 Huerto. 250,12.50 Mts. conMz. 27 Huerto. 250,12.50 Mts. con sendero la ceiba,0,0
240,15,17,312.5,1,0,46.012 Mts. con Mz. 26 Huerto. 15 más 35.00 Mts. con Mz. 26 Huerto. 249,45.468 Mts. con Mz. 26 Huerto. 13 más 35.00 Mts. con Mz. 26 Huerto. 251,12.50 Mts. conMz. 27 Huerto. 251,12.50 Mts. con sendero la ceiba,0,0
241,15,18,312.5,1,0,46.012 Mts. con Mz. 26 Huerto. 15 más 35.00 Mts. con Mz. 26 Huerto. 250,45.468 Mts. con Mz. 26 Huerto. 13 más 35.00 Mts. con Mz. 26 Huerto. 252,12.50 Mts. conMz. 27 Huerto. 252,12.50 Mts. con sendero la ceiba,0,0
242,15,19,312.5,1,0,46.012 Mts. con Mz. 26 Huerto. 15 más 35.00 Mts. con Mz. 26 Huerto. 251,45.468 Mts. con Mz. 26 Huerto. 13 más 35.00 Mts. con Mz. 26 Huerto. 253,12.50 Mts. conMz. 27 Huerto. 253,12.50 Mts. con sendero la ceiba,0,0
243,15,20,312.5,1,0,46.012 Mts. con Mz. 26 Huerto. 15 más 35.00 Mts. con Mz. 26 Huerto. 252,45.468 Mts. con Mz. 26 Huerto. 13 más 35.00 Mts. con Mz. 26 Huerto. 254,12.50 Mts. conMz. 27 Huerto. 254,12.50 Mts. con sendero la ceiba,0,0
244,16,1,312.5,1,0,46.012 Mts. con Mz. 26 Huerto. 15 más 35.00 Mts. con Mz. 26 Huerto. 253,45.468 Mts. con Mz. 26 Huerto. 13 más 35.00 Mts. con Mz. 26 Huerto. 255,12.50 Mts. conMz. 27 Huerto. 255,12.50 Mts. con sendero la ceiba,0,0
245,16,2,312.5,1,0,46.012 Mts. con Mz. 26 Huerto. 15 más 35.00 Mts. con Mz. 26 Huerto. 254,45.468 Mts. con Mz. 26 Huerto. 13 más 35.00 Mts. con Mz. 26 Huerto. 256,12.50 Mts. conMz. 27 Huerto. 256,12.50 Mts. con sendero la ceiba,0,0
246,16,3,312.5,1,0,46.012 Mts. con Mz. 26 Huerto. 15 más 35.00 Mts. con Mz. 26 Huerto. 255,45.468 Mts. con Mz. 26 Huerto. 13 más 35.00 Mts. con Mz. 26 Huerto. 257,12.50 Mts. conMz. 27 Huerto. 257,12.50 Mts. con sendero la ceiba,0,0
247,16,4,312.5,1,0,46.012 Mts. con Mz. 26 Huerto. 15 más 35.00 Mts. con Mz. 26 Huerto. 256,45.468 Mts. con Mz. 26 Huerto. 13 más 35.00 Mts. con Mz. 26 Huerto. 258,12.50 Mts. conMz. 27 Huerto. 258,12.50 Mts. con sendero la ceiba,0,0
248,16,5,312.5,1,0,46.012 Mts. con Mz. 26 Huerto. 15 más 35.00 Mts. con Mz. 26 Huerto. 257,45.468 Mts. con Mz. 26 Huerto. 13 más 35.00 Mts. con Mz. 26 Huerto. 259,12.50 Mts. conMz. 27 Huerto. 259,12.50 Mts. con sendero la ceiba,0,0
249,16,6,312.5,1,0,46.012 Mts. con Mz. 26 Huerto. 15 más 35.00 Mts. con Mz. 26 Huerto. 258,45.468 Mts. con Mz. 26 Huerto. 13 más 35.00 Mts. con Mz. 26 Huerto. 260,12.50 Mts. conMz. 27 Huerto. 260,12.50 Mts. con sendero la ceiba,0,0
250,16,7,312.5,1,0,46.012 Mts. con Mz. 26 Huerto. 15 más 35.00 Mts. con Mz. 26 Huerto. 259,45.468 Mts. con Mz. 26 Huerto. 13 más 35.00 Mts. con Mz. 26 Huerto. 261,12.50 Mts. conMz. 27 Huerto. 261,12.50 Mts. con sendero la ceiba,0,0
251,16,8,312.5,1,0,46.012 Mts. con Mz. 26 Huerto. 15 más 35.00 Mts. con Mz. 26 Huerto. 260,45.468 Mts. con Mz. 26 Huerto. 13 más 35.00 Mts. con Mz. 26 Huerto. 262,12.50 Mts. conMz. 27 Huerto. 262,12.50 Mts. con sendero la ceiba,0,0
252,16,9,312.5,1,0,46.012 Mts. con Mz. 26 Huerto. 15 más 35.00 Mts. con Mz. 26 Huerto. 261,45.468 Mts. con Mz. 26 Huerto. 13 más 35.00 Mts. con Mz. 26 Huerto. 263,12.50 Mts. conMz. 27 Huerto. 263,12.50 Mts. con sendero la ceiba,0,0
253,16,10,312.5,1,0,46.012 Mts. con Mz. 26 Huerto. 15 más 35.00 Mts. con Mz. 26 Huerto. 262,45.468 Mts. con Mz. 26 Huerto. 13 más 35.00 Mts. con Mz. 26 Huerto. 264,12.50 Mts. conMz. 27 Huerto. 264,12.50 Mts. con sendero la ceiba,0,0
254,16,11,312.5,1,0,46.012 Mts. con Mz. 26 Huerto. 15 más 35.00 Mts. con Mz. 26 Huerto. 263,45.468 Mts. con Mz. 26 Huerto. 13 más 35.00 Mts. con Mz. 26 Huerto. 265,12.50 Mts. conMz. 27 Huerto. 265,12.50 Mts. con sendero la ceiba,0,0
255,16,12,312.5,1,0,46.012 Mts. con Mz. 26 Huerto. 15 más 35.00 Mts. con Mz. 26 Huerto. 264,45.468 Mts. con Mz. 26 Huerto. 13 más 35.00 Mts. con Mz. 26 Huerto. 266,12.50 Mts. conMz. 27 Huerto. 266,12.50 Mts. con sendero la ceiba,0,0
256,16,13,312.5,1,0,46.012 Mts. con Mz. 26 Huerto. 15 más 35.00 Mts. con Mz. 26 Huerto. 265,45.468 Mts. con Mz. 26 Huerto. 13 más 35.00 Mts. con Mz. 26 Huerto. 267,12.50 Mts. conMz. 27 Huerto. 267,12.50 Mts. con sendero la ceiba,0,0
257,16,14,312.5,1,0,46.012 Mts. con Mz. 26 Huerto. 15 más 35.00 Mts. con Mz. 26 Huerto. 266,45.468 Mts. con Mz. 26 Huerto. 13 más 35.00 Mts. con Mz. 26 Huerto. 268,12.50 Mts. conMz. 27 Huerto. 268,12.50 Mts. con sendero la ceiba,0,0
258,16,15,312.5,1,0,46.012 Mts. con Mz. 26 Huerto. 15 más 35.00 Mts. con Mz. 26 Huerto. 267,45.468 Mts. con Mz. 26 Huerto. 13 más 35.00 Mts. con Mz. 26 Huerto. 269,12.50 Mts. conMz. 27 Huerto. 269,12.50 Mts. con sendero la ceiba,0,0
259,16,16,312.5,1,0,46.012 Mts. con Mz. 26 Huerto. 15 más 35.00 Mts. con Mz. 26 Huerto. 268,45.468 Mts. con Mz. 26 Huerto. 13 más 35.00 Mts. con Mz. 26 Huerto. 270,12.50 Mts. conMz. 27 Huerto. 270,12.50 Mts. con sendero la ceiba,0,0
260,16,17,312.5,1,0,46.012 Mts. con Mz. 26 Huerto. 15 más 35.00 Mts. con Mz. 26 Huerto. 269,45.468 Mts. con Mz. 26 Huerto. 13 más 35.00 Mts. con Mz. 26 Huerto. 271,12.50 Mts. conMz. 27 Huerto. 271,12.50 Mts. con sendero la ceiba,0,0
261,16,18,312.5,1,0,46.012 Mts. con Mz. 26 Huerto. 15 más 35.00 Mts. con Mz. 26 Huerto. 270,45.468 Mts. con Mz. 26 Huerto. 13 más 35.00 Mts. con Mz. 26 Huerto. 272,12.50 Mts. conMz. 27 Huerto. 272,12.50 Mts. con sendero la ceiba,0,0
262,16,19,312.5,1,0,46.012 Mts. con Mz. 26 Huerto. 15 más 35.00 Mts. con Mz. 26 Huerto. 271,45.468 Mts. con Mz. 26 Huerto. 13 más 35.00 Mts. con Mz. 26 Huerto. 273,12.50 Mts. conMz. 27 Huerto. 273,12.50 Mts. con sendero la ceiba,0,0
263,16,20,312.5,1,0,46.012 Mts. con Mz. 26 Huerto. 15 más 35.00 Mts. con Mz. 26 Huerto. 272,45.468 Mts. con Mz. 26 Huerto. 13 más 35.00 Mts. con Mz. 26 Huerto. 274,12.50 Mts. conMz. 27 Huerto. 274,12.50 Mts. con sendero la ceiba,0,0
264,17,1,312.5,3,1,46.012 Mts. con Mz. 26 Huerto. 15 más 35.00 Mts. con Mz. 26 Huerto. 273,45.468 Mts. con Mz. 26 Huerto. 13 más 35.00 Mts. con Mz. 26 Huerto. 275,12.50 Mts. conMz. 27 Huerto. 275,12.50 Mts. con sendero la ceiba,0,0
265,17,2,312.5,3,1,46.012 Mts. con Mz. 26 Huerto. 15 más 35.00 Mts. con Mz. 26 Huerto. 274,45.468 Mts. con Mz. 26 Huerto. 13 más 35.00 Mts. con Mz. 26 Huerto. 276,12.50 Mts. conMz. 27 Huerto. 276,12.50 Mts. con sendero la ceiba,0,0
266,17,3,312.5,3,1,46.012 Mts. con Mz. 26 Huerto. 15 más 35.00 Mts. con Mz. 26 Huerto. 275,45.468 Mts. con Mz. 26 Huerto. 13 más 35.00 Mts. con Mz. 26 Huerto. 277,12.50 Mts. conMz. 27 Huerto. 277,12.50 Mts. con sendero la ceiba,0,0
267,17,4,312.5,3,1,46.012 Mts. con Mz. 26 Huerto. 15 más 35.00 Mts. con Mz. 26 Huerto. 276,45.468 Mts. con Mz. 26 Huerto. 13 más 35.00 Mts. con Mz. 26 Huerto. 278,12.50 Mts. conMz. 27 Huerto. 278,12.50 Mts. con sendero la ceiba,0,0
268,17,5,312.5,3,1,46.012 Mts. con Mz. 26 Huerto. 15 más 35.00 Mts. con Mz. 26 Huerto. 277,45.468 Mts. con Mz. 26 Huerto. 13 más 35.00 Mts. con Mz. 26 Huerto. 279,12.50 Mts. conMz. 27 Huerto. 279,12.50 Mts. con sendero la ceiba,0,0
269,17,6,312.5,3,1,46.012 Mts. con Mz. 26 Huerto. 15 más 35.00 Mts. con Mz. 26 Huerto. 278,45.468 Mts. con Mz. 26 Huerto. 13 más 35.00 Mts. con Mz. 26 Huerto. 280,12.50 Mts. conMz. 27 Huerto. 280,12.50 Mts. con sendero la ceiba,0,0
270,17,7,312.5,3,1,46.012 Mts. con Mz. 26 Huerto. 15 más 35.00 Mts. con Mz. 26 Huerto. 279,45.468 Mts. con Mz. 26 Huerto. 13 más 35.00 Mts. con Mz. 26 Huerto. 281,12.50 Mts. conMz. 27 Huerto. 281,12.50 Mts. con sendero la ceiba,0,0
271,17,8,312.5,3,1,46.012 Mts. con Mz. 26 Huerto. 15 más 35.00 Mts. con Mz. 26 Huerto. 280,45.468 Mts. con Mz. 26 Huerto. 13 más 35.00 Mts. con Mz. 26 Huerto. 282,12.50 Mts. conMz. 27 Huerto. 282,12.50 Mts. con sendero la ceiba,0,0
272,17,9,312.5,3,1,46.012 Mts. con Mz. 26 Huerto. 15 más 35.00 Mts. con Mz. 26 Huerto. 281,45.468 Mts. con Mz. 26 Huerto. 13 más 35.00 Mts. con Mz. 26 Huerto. 283,12.50 Mts. conMz. 27 Huerto. 283,12.50 Mts. con sendero la ceiba,0,0
273,17,10,312.5,3,1,46.012 Mts. con Mz. 26 Huerto. 15 más 35.00 Mts. con Mz. 26 Huerto. 282,45.468 Mts. con Mz. 26 Huerto. 13 más 35.00 Mts. con Mz. 26 Huerto. 284,12.50 Mts. conMz. 27 Huerto. 284,12.50 Mts. con sendero la ceiba,0,0
274,17,11,312.5,3,1,46.012 Mts. con Mz. 26 Huerto. 15 más 35.00 Mts. con Mz. 26 Huerto. 283,45.468 Mts. con Mz. 26 Huerto. 13 más 35.00 Mts. con Mz. 26 Huerto. 285,12.50 Mts. conMz. 27 Huerto. 285,12.50 Mts. con sendero la ceiba,0,0
275,17,12,312.5,3,1,46.012 Mts. con Mz. 26 Huerto. 15 más 35.00 Mts. con Mz. 26 Huerto. 284,45.468 Mts. con Mz. 26 Huerto. 13 más 35.00 Mts. con Mz. 26 Huerto. 286,12.50 Mts. conMz. 27 Huerto. 286,12.50 Mts. con sendero la ceiba,0,0
276,17,13,312.5,3,1,46.012 Mts. con Mz. 26 Huerto. 15 más 35.00 Mts. con Mz. 26 Huerto. 285,45.468 Mts. con Mz. 26 Huerto. 13 más 35.00 Mts. con Mz. 26 Huerto. 287,12.50 Mts. conMz. 27 Huerto. 287,12.50 Mts. con sendero la ceiba,0,0
277,17,14,312.5,3,1,46.012 Mts. con Mz. 26 Huerto. 15 más 35.00 Mts. con Mz. 26 Huerto. 286,45.468 Mts. con Mz. 26 Huerto. 13 más 35.00 Mts. con Mz. 26 Huerto. 288,12.50 Mts. conMz. 27 Huerto. 288,12.50 Mts. con sendero la ceiba,0,0
278,17,15,312.5,3,1,46.012 Mts. con Mz. 26 Huerto. 15 más 35.00 Mts. con Mz. 26 Huerto. 287,45.468 Mts. con Mz. 26 Huerto. 13 más 35.00 Mts. con Mz. 26 Huerto. 289,12.50 Mts. conMz. 27 Huerto. 289,12.50 Mts. con sendero la ceiba,0,0
279,17,16,312.5,3,1,46.012 Mts. con Mz. 26 Huerto. 15 más 35.00 Mts. con Mz. 26 Huerto. 288,45.468 Mts. con Mz. 26 Huerto. 13 más 35.00 Mts. con Mz. 26 Huerto. 290,12.50 Mts. conMz. 27 Huerto. 290,12.50 Mts. con sendero la ceiba,0,0
280,17,17,312.5,3,1,46.012 Mts. con Mz. 26 Huerto. 15 más 35.00 Mts. con Mz. 26 Huerto. 289,45.468 Mts. con Mz. 26 Huerto. 13 más 35.00 Mts. con Mz. 26 Huerto. 291,12.50 Mts. conMz. 27 Huerto. 291,12.50 Mts. con sendero la ceiba,0,0
281,17,18,312.5,3,1,46.012 Mts. con Mz. 26 Huerto. 15 más 35.00 Mts. con Mz. 26 Huerto. 290,45.468 Mts. con Mz. 26 Huerto. 13 más 35.00 Mts. con Mz. 26 Huerto. 292,12.50 Mts. conMz. 27 Huerto. 292,12.50 Mts. con sendero la ceiba,0,0
282,17,19,312.5,3,1,46.012 Mts. con Mz. 26 Huerto. 15 más 35.00 Mts. con Mz. 26 Huerto. 291,45.468 Mts. con Mz. 26 Huerto. 13 más 35.00 Mts. con Mz. 26 Huerto. 293,12.50 Mts. conMz. 27 Huerto. 293,12.50 Mts. con sendero la ceiba,0,0
283,17,20,312.5,3,1,46.012 Mts. con Mz. 26 Huerto. 15 más 35.00 Mts. con Mz. 26 Huerto. 292,45.468 Mts. con Mz. 26 Huerto. 13 más 35.00 Mts. con Mz. 26 Huerto. 294,12.50 Mts. conMz. 27 Huerto. 294,12.50 Mts. con sendero la ceiba,0,0
284,18,1,312.5,1,0,46.012 Mts. con Mz. 26 Huerto. 15 más 35.00 Mts. con Mz. 26 Huerto. 293,45.468 Mts. con Mz. 26 Huerto. 13 más 35.00 Mts. con Mz. 26 Huerto. 295,12.50 Mts. conMz. 27 Huerto. 295,12.50 Mts. con sendero la ceiba,0,0
285,18,2,312.5,1,0,46.012 Mts. con Mz. 26 Huerto. 15 más 35.00 Mts. con Mz. 26 Huerto. 294,45.468 Mts. con Mz. 26 Huerto. 13 más 35.00 Mts. con Mz. 26 Huerto. 296,12.50 Mts. conMz. 27 Huerto. 296,12.50 Mts. con sendero la ceiba,0,0
286,18,3,312.5,1,0,46.012 Mts. con Mz. 26 Huerto. 15 más 35.00 Mts. con Mz. 26 Huerto. 295,45.468 Mts. con Mz. 26 Huerto. 13 más 35.00 Mts. con Mz. 26 Huerto. 297,12.50 Mts. conMz. 27 Huerto. 297,12.50 Mts. con sendero la ceiba,0,0
287,18,4,312.5,1,0,46.012 Mts. con Mz. 26 Huerto. 15 más 35.00 Mts. con Mz. 26 Huerto. 296,45.468 Mts. con Mz. 26 Huerto. 13 más 35.00 Mts. con Mz. 26 Huerto. 298,12.50 Mts. conMz. 27 Huerto. 298,12.50 Mts. con sendero la ceiba,0,0
288,18,5,312.5,1,0,46.012 Mts. con Mz. 26 Huerto. 15 más 35.00 Mts. con Mz. 26 Huerto. 297,45.468 Mts. con Mz. 26 Huerto. 13 más 35.00 Mts. con Mz. 26 Huerto. 299,12.50 Mts. conMz. 27 Huerto. 299,12.50 Mts. con sendero la ceiba,0,0
289,18,6,312.5,1,0,46.012 Mts. con Mz. 26 Huerto. 15 más 35.00 Mts. con Mz. 26 Huerto. 298,45.468 Mts. con Mz. 26 Huerto. 13 más 35.00 Mts. con Mz. 26 Huerto. 300,12.50 Mts. conMz. 27 Huerto. 300,12.50 Mts. con sendero la ceiba,0,0
290,18,7,312.5,1,0,46.012 Mts. con Mz. 26 Huerto. 15 más 35.00 Mts. con Mz. 26 Huerto. 299,45.468 Mts. con Mz. 26 Huerto. 13 más 35.00 Mts. con Mz. 26 Huerto. 301,12.50 Mts. conMz. 27 Huerto. 301,12.50 Mts. con sendero la ceiba,0,0
291,18,8,312.5,1,0,46.012 Mts. con Mz. 26 Huerto. 15 más 35.00 Mts. con Mz. 26 Huerto. 300,45.468 Mts. con Mz. 26 Huerto. 13 más 35.00 Mts. con Mz. 26 Huerto. 302,12.50 Mts. conMz. 27 Huerto. 302,12.50 Mts. con sendero la ceiba,0,0
292,18,9,312.5,1,0,46.012 Mts. con Mz. 26 Huerto. 15 más 35.00 Mts. con Mz. 26 Huerto. 301,45.468 Mts. con Mz. 26 Huerto. 13 más 35.00 Mts. con Mz. 26 Huerto. 303,12.50 Mts. conMz. 27 Huerto. 303,12.50 Mts. con sendero la ceiba,0,0
293,18,10,312.5,1,0,46.012 Mts. con Mz. 26 Huerto. 15 más 35.00 Mts. con Mz. 26 Huerto. 302,45.468 Mts. con Mz. 26 Huerto. 13 más 35.00 Mts. con Mz. 26 Huerto. 304,12.50 Mts. conMz. 27 Huerto. 304,12.50 Mts. con sendero la ceiba,0,0
294,18,11,312.5,1,0,46.012 Mts. con Mz. 26 Huerto. 15 más 35.00 Mts. con Mz. 26 Huerto. 303,45.468 Mts. con Mz. 26 Huerto. 13 más 35.00 Mts. con Mz. 26 Huerto. 305,12.50 Mts. conMz. 27 Huerto. 305,12.50 Mts. con sendero la ceiba,0,0
295,18,12,312.5,1,0,46.012 Mts. con Mz. 26 Huerto. 15 más 35.00 Mts. con Mz. 26 Huerto. 304,45.468 Mts. con Mz. 26 Huerto. 13 más 35.00 Mts. con Mz. 26 Huerto. 306,12.50 Mts. conMz. 27 Huerto. 306,12.50 Mts. con sendero la ceiba,0,0
296,18,13,312.5,1,0,46.012 Mts. con Mz. 26 Huerto. 15 más 35.00 Mts. con Mz. 26 Huerto. 305,45.468 Mts. con Mz. 26 Huerto. 13 más 35.00 Mts. con Mz. 26 Huerto. 307,12.50 Mts. conMz. 27 Huerto. 307,12.50 Mts. con sendero la ceiba,0,0
297,18,14,312.5,1,0,46.012 Mts. con Mz. 26 Huerto. 15 más 35.00 Mts. con Mz. 26 Huerto. 306,45.468 Mts. con Mz. 26 Huerto. 13 más 35.00 Mts. con Mz. 26 Huerto. 308,12.50 Mts. conMz. 27 Huerto. 308,12.50 Mts. con sendero la ceiba,0,0
298,18,15,312.5,1,0,46.012 Mts. con Mz. 26 Huerto. 15 más 35.00 Mts. con Mz. 26 Huerto. 307,45.468 Mts. con Mz. 26 Huerto. 13 más 35.00 Mts. con Mz. 26 Huerto. 309,12.50 Mts. conMz. 27 Huerto. 309,12.50 Mts. con sendero la ceiba,0,0
299,18,16,312.5,1,0,46.012 Mts. con Mz. 26 Huerto. 15 más 35.00 Mts. con Mz. 26 Huerto. 308,45.468 Mts. con Mz. 26 Huerto. 13 más 35.00 Mts. con Mz. 26 Huerto. 310,12.50 Mts. conMz. 27 Huerto. 310,12.50 Mts. con sendero la ceiba,0,0
300,18,17,312.5,1,0,46.012 Mts. con Mz. 26 Huerto. 15 más 35.00 Mts. con Mz. 26 Huerto. 309,45.468 Mts. con Mz. 26 Huerto. 13 más 35.00 Mts. con Mz. 26 Huerto. 311,12.50 Mts. conMz. 27 Huerto. 311,12.50 Mts. con sendero la ceiba,0,0
301,18,18,312.5,1,0,46.012 Mts. con Mz. 26 Huerto. 15 más 35.00 Mts. con Mz. 26 Huerto. 310,45.468 Mts. con Mz. 26 Huerto. 13 más 35.00 Mts. con Mz. 26 Huerto. 312,12.50 Mts. conMz. 27 Huerto. 312,12.50 Mts. con sendero la ceiba,0,0
302,18,19,312.5,1,0,46.012 Mts. con Mz. 26 Huerto. 15 más 35.00 Mts. con Mz. 26 Huerto. 311,45.468 Mts. con Mz. 26 Huerto. 13 más 35.00 Mts. con Mz. 26 Huerto. 313,12.50 Mts. conMz. 27 Huerto. 313,12.50 Mts. con sendero la ceiba,0,0
303,18,20,312.5,1,0,46.012 Mts. con Mz. 26 Huerto. 15 más 35.00 Mts. con Mz. 26 Huerto. 312,45.468 Mts. con Mz. 26 Huerto. 13 más 35.00 Mts. con Mz. 26 Huerto. 314,12.50 Mts. conMz. 27 Huerto. 314,12.50 Mts. con sendero la ceiba,0,0
304,19,1,312.5,1,0,46.012 Mts. con Mz. 26 Huerto. 15 más 35.00 Mts. con Mz. 26 Huerto. 313,45.468 Mts. con Mz. 26 Huerto. 13 más 35.00 Mts. con Mz. 26 Huerto. 315,12.50 Mts. conMz. 27 Huerto. 315,12.50 Mts. con sendero la ceiba,0,0
305,19,2,312.5,1,0,46.012 Mts. con Mz. 26 Huerto. 15 más 35.00 Mts. con Mz. 26 Huerto. 314,45.468 Mts. con Mz. 26 Huerto. 13 más 35.00 Mts. con Mz. 26 Huerto. 316,12.50 Mts. conMz. 27 Huerto. 316,12.50 Mts. con sendero la ceiba,0,0
306,19,3,312.5,1,0,46.012 Mts. con Mz. 26 Huerto. 15 más 35.00 Mts. con Mz. 26 Huerto. 315,45.468 Mts. con Mz. 26 Huerto. 13 más 35.00 Mts. con Mz. 26 Huerto. 317,12.50 Mts. conMz. 27 Huerto. 317,12.50 Mts. con sendero la ceiba,0,0
307,19,4,312.5,1,0,46.012 Mts. con Mz. 26 Huerto. 15 más 35.00 Mts. con Mz. 26 Huerto. 316,45.468 Mts. con Mz. 26 Huerto. 13 más 35.00 Mts. con Mz. 26 Huerto. 318,12.50 Mts. conMz. 27 Huerto. 318,12.50 Mts. con sendero la ceiba,0,0
308,19,5,312.5,1,0,46.012 Mts. con Mz. 26 Huerto. 15 más 35.00 Mts. con Mz. 26 Huerto. 317,45.468 Mts. con Mz. 26 Huerto. 13 más 35.00 Mts. con Mz. 26 Huerto. 319,12.50 Mts. conMz. 27 Huerto. 319,12.50 Mts. con sendero la ceiba,0,0
309,19,6,312.5,1,0,46.012 Mts. con Mz. 26 Huerto. 15 más 35.00 Mts. con Mz. 26 Huerto. 318,45.468 Mts. con Mz. 26 Huerto. 13 más 35.00 Mts. con Mz. 26 Huerto. 320,12.50 Mts. conMz. 27 Huerto. 320,12.50 Mts. con sendero la ceiba,0,0
310,19,7,312.5,1,0,46.012 Mts. con Mz. 26 Huerto. 15 más 35.00 Mts. con Mz. 26 Huerto. 319,45.468 Mts. con Mz. 26 Huerto. 13 más 35.00 Mts. con Mz. 26 Huerto. 321,12.50 Mts. conMz. 27 Huerto. 321,12.50 Mts. con sendero la ceiba,0,0
311,19,8,312.5,1,0,46.012 Mts. con Mz. 26 Huerto. 15 más 35.00 Mts. con Mz. 26 Huerto. 320,45.468 Mts. con Mz. 26 Huerto. 13 más 35.00 Mts. con Mz. 26 Huerto. 322,12.50 Mts. conMz. 27 Huerto. 322,12.50 Mts. con sendero la ceiba,0,0
312,19,9,312.5,1,0,46.012 Mts. con Mz. 26 Huerto. 15 más 35.00 Mts. con Mz. 26 Huerto. 321,45.468 Mts. con Mz. 26 Huerto. 13 más 35.00 Mts. con Mz. 26 Huerto. 323,12.50 Mts. conMz. 27 Huerto. 323,12.50 Mts. con sendero la ceiba,0,0
313,19,10,312.5,1,0,46.012 Mts. con Mz. 26 Huerto. 15 más 35.00 Mts. con Mz. 26 Huerto. 322,45.468 Mts. con Mz. 26 Huerto. 13 más 35.00 Mts. con Mz. 26 Huerto. 324,12.50 Mts. conMz. 27 Huerto. 324,12.50 Mts. con sendero la ceiba,0,0
314,19,11,312.5,1,0,46.012 Mts. con Mz. 26 Huerto. 15 más 35.00 Mts. con Mz. 26 Huerto. 323,45.468 Mts. con Mz. 26 Huerto. 13 más 35.00 Mts. con Mz. 26 Huerto. 325,12.50 Mts. conMz. 27 Huerto. 325,12.50 Mts. con sendero la ceiba,0,0
315,19,12,312.5,1,0,46.012 Mts. con Mz. 26 Huerto. 15 más 35.00 Mts. con Mz. 26 Huerto. 324,45.468 Mts. con Mz. 26 Huerto. 13 más 35.00 Mts. con Mz. 26 Huerto. 326,12.50 Mts. conMz. 27 Huerto. 326,12.50 Mts. con sendero la ceiba,0,0
316,19,13,312.5,1,0,46.012 Mts. con Mz. 26 Huerto. 15 más 35.00 Mts. con Mz. 26 Huerto. 325,45.468 Mts. con Mz. 26 Huerto. 13 más 35.00 Mts. con Mz. 26 Huerto. 327,12.50 Mts. conMz. 27 Huerto. 327,12.50 Mts. con sendero la ceiba,0,0
317,19,18,312.5,1,0,46.012 Mts. con Mz. 26 Huerto. 15 más 35.00 Mts. con Mz. 26 Huerto. 326,45.468 Mts. con Mz. 26 Huerto. 13 más 35.00 Mts. con Mz. 26 Huerto. 328,12.50 Mts. conMz. 27 Huerto. 328,12.50 Mts. con sendero la ceiba,0,0
318,19,19,312.5,1,0,46.012 Mts. con Mz. 26 Huerto. 15 más 35.00 Mts. con Mz. 26 Huerto. 327,45.468 Mts. con Mz. 26 Huerto. 13 más 35.00 Mts. con Mz. 26 Huerto. 329,12.50 Mts. conMz. 27 Huerto. 329,12.50 Mts. con sendero la ceiba,0,0
319,19,20,312.5,1,0,46.012 Mts. con Mz. 26 Huerto. 15 más 35.00 Mts. con Mz. 26 Huerto. 328,45.468 Mts. con Mz. 26 Huerto. 13 más 35.00 Mts. con Mz. 26 Huerto. 330,12.50 Mts. conMz. 27 Huerto. 330,12.50 Mts. con sendero la ceiba,0,0
320,20,1,10000,1,0,46.012 Mts. con Mz. 26 Huerto. 15 más 35.00 Mts. con Mz. 26 Huerto. 329,45.468 Mts. con Mz. 26 Huerto. 13 más 35.00 Mts. con Mz. 26 Huerto. 331,12.50 Mts. conMz. 27 Huerto. 331,12.50 Mts. con sendero la ceiba,0,0
